0.4.26,0x01f8c4e3fa3edeb29e514cba738d87ce8c091d3f&SetMinSum&reentrancy,0.6026263572275639,1.2215163220961889,-0.27856538941462833,-0.6878945287317038,-0.26524642917017144,0.8024444793661435,0.997996215770642,0.32518818899989127,0.503728258361419,-0.7294189617037773,0.32422104755726955,-0.722227733504648,1.0154502446452776,-0.1466661339625716,-1.3324612023153652,-1.9471903443336487,1.0817807964980601,-0.025174046866595745,0.9564112448133528,0.15460212032000223,0,0,0,0,0,0,0,0,0,0,0,0,0,0,1,1,0,0,0,0
0.4.26,0x01f8c4e3fa3edeb29e514cba738d87ce8c091d3f&SetLogFile&reentrancy,0.938394956390063,1.0397259163856507,-0.3909183192253113,-0.6686657628417015,-0.25260616809129716,0.7860078279177348,1.058200006087621,0.3219553126891454,0.7441164155801138,-0.6957263267040252,0.6027368317668637,-0.649435679204762,1.293660392363866,-0.14949021324515344,-1.2316495322808623,-1.955627195040385,1.0374804838498433,-0.0844586802025636,1.060015743051966,-0.048270852963129676,0,0,0,0,0,0,0,0,0,0,0,0,0,0,1,1,0,0,0,0
0.4.26,0x01f8c4e3fa3edeb29e514cba738d87ce8c091d3f&Initialized&reentrancy,1.4697444651808058,0.6675874789555868,-0.5462390056678227,-0.770638861826488,-0.18588233668179738,0.5555322581813449,1.446218718020689,0.1475172064134053,1.3167981668597175,-0.45934501148405527,1.2459350278423655,-0.5480771144142463,2.0485354250385646,-0.37159017845988274,-0.7004110114648938,-1.3465509897186643,0.674448909504073,-0.10279216794740587,1.1435808157991796,-0.11483097927910942,0,0,0,0,0,0,0,0,0,0,0,0,0,0,1,0,0,0,0,0
0.4.26,0x01f8c4e3fa3edeb29e514cba738d87ce8c091d3f&Deposit&reentrancy,0.09995165239956419,0.007484675969107677,-1.012176205798731,-0.9999354399614415,0.40797060229263066,-0.12180855693453449,1.567084076861709,0.15525354236616926,0.8938007152449908,-0.5988334786083739,0.28366082950132127,-0.0031772066239204445,1.6991247556219666,-0.7417389803202981,-0.5587241953886035,-0.5278068013110403,1.6591126138375978,-0.21874374198585245,1.1758560887143268,-0.31516132895219123,1,0,0,0,1,0,0,0,0,0,0,0,0,0,1,0,0,1,1,0
0.4.26,0x01f8c4e3fa3edeb29e514cba738d87ce8c091d3f&Collect&reentrancy,0.05771525364985569,0.2963251438286665,-0.6005375615770011,-0.9366855306698264,0.4804469814135445,0.12765192385200116,1.5642737208885684,0.314305238398931,0.9335082662961841,-0.7537623015667895,0.38285158028182903,-0.02510426613240898,1.591267936199689,-0.4354478050988141,-1.0035004156186051,-0.9177362723745031,1.5746710077464152,-0.11623103818822679,0.9516517484306003,-0.12125838049452939,1,0,0,1,1,0,0,0,0,1,1,0,0,0,1,1,0,1,0,1
0.4.26,0x01f8c4e3fa3edeb29e514cba738d87ce8c091d3f&fallback&reentrancy,0.48278650268912315,2.2902525067329407,-0.5498332874849439,-1.0808084830641747,0.06732949614524841,0.3076394200325012,1.4245207607746124,-0.4128932058811188,-0.21849439293146133,-0.2660263329744339,-0.962324284017086,-0.7067335317842662,0.18505403399467468,-1.1356851365417242,-1.0980264991521835,-1.1356691867113113,0.6874163746833801,0.049653105437755585,1.0880225896835327,1.5432261526584625,0,0,0,0,0,0,0,0,0,0,0,0,0,0,1,0,0,0,0,0
0.4.26,0x01f8c4e3fa3edeb29e514cba738d87ce8c091d3f&AddMessage&reentrancy,0.8483892966594014,0.47877278303106624,-1.1765609201309937,-1.0942610990078676,-0.03847817859301964,0.350230899151592,1.3343165796693592,0.1876499406727297,0.6182543343470787,-0.35294220472375554,0.4481594001464102,-0.13379996146319345,1.6352464349142142,-0.8281987872019055,-0.41914843687499387,-0.7201024907685462,1.2261697765262354,0.013666063147996153,1.199792875963751,-0.5893674253353051,0,0,0,0,0,0,0,0,0,0,0,0,0,0,1,0,0,0,0,0
0.4.26,0x23a91059fdc9579a9fbd0edc5f2ea0bfdb70deb4&PrivateBank&reentrancy,1.6987546568825131,0.3403453954628536,-0.9062763409955161,-0.7382527334349496,-0.15662605421883719,0.45119549263091313,1.4240378882913363,0.21263753374417624,1.3826263000567753,-0.5634285977908543,1.265255620880496,-0.271672221299793,2.2833507046813057,-0.457045212920223,-0.4477421862206289,-1.4047626994905018,0.8490962010054361,-0.18834603542373293,1.2465532535598391,-0.7920447772457486,0,0,0,0,0,0,0,0,0,0,0,0,0,0,1,0,0,0,0,0
0.4.26,0x23a91059fdc9579a9fbd0edc5f2ea0bfdb70deb4&Deposit&reentrancy,-0.015149147194974562,0.31200210443314386,-0.778565635356833,-0.9575483214986675,0.29844841454178095,0.11075292286627433,1.5854287579765214,0.054420020157361734,0.8333158381077844,-0.6308208725908223,0.1962612077854026,-0.06732953313108095,1.5062043895835386,-0.6080788124955314,-0.7837494384867194,-0.7163890850018052,1.380884153439718,-0.1363043714698185,1.0280484912971801,0.004105434040812885,1,0,0,0,1,0,0,0,0,0,0,0,0,0,1,1,0,1,1,0
0.4.26,0x23a91059fdc9579a9fbd0edc5f2ea0bfdb70deb4&CashOut&reentrancy,-0.002571566131981936,0.1793285991657864,-0.6736923698674548,-0.9193378433585166,0.5519011684100736,0.003209007861600681,1.5289860962805424,0.2923061684112657,0.9357734247661111,-0.6414880435575139,0.3965166330210526,-0.05830230525356125,1.6459287596019831,-0.48745299481194126,-0.8325022177474404,-0.709040506048636,1.590011275085536,-0.21760219388048757,0.9710983122614297,-0.050114685161547226,1,0,0,1,1,0,0,0,0,1,1,0,0,0,1,1,0,1,0,1
0.4.26,0x23a91059fdc9579a9fbd0edc5f2ea0bfdb70deb4&AddMessage&reentrancy,0.8483892966594014,0.47877278303106624,-1.1765609201309937,-1.0942610990078676,-0.03847817859301964,0.350230899151592,1.3343165796693592,0.1876499406727297,0.6182543343470787,-0.35294220472375554,0.4481594001464102,-0.13379996146319345,1.6352464349142142,-0.8281987872019055,-0.41914843687499387,-0.7201024907685462,1.2261697765262354,0.013666063147996153,1.199792875963751,-0.5893674253353051,0,0,0,0,0,0,0,0,0,0,0,0,0,0,1,0,0,0,0,0
0.4.26,0x4320e6f8c05b27ab4707cd1f6d5ce6f3e4b3a5a1&SetMinSum&reentrancy,0.6026263572275639,1.2215163220961889,-0.27856538941462833,-0.6878945287317038,-0.26524642917017144,0.8024444793661435,0.997996215770642,0.32518818899989127,0.503728258361419,-0.7294189617037773,0.32422104755726955,-0.722227733504648,1.0154502446452776,-0.1466661339625716,-1.3324612023153652,-1.9471903443336487,1.0817807964980601,-0.025174046866595745,0.9564112448133528,0.15460212032000223,0,0,0,0,0,0,0,0,0,0,0,0,0,0,1,1,0,0,0,0
0.4.26,0x4320e6f8c05b27ab4707cd1f6d5ce6f3e4b3a5a1&SetLogFile&reentrancy,0.938394956390063,1.0397259163856507,-0.3909183192253113,-0.6686657628417015,-0.25260616809129716,0.7860078279177348,1.058200006087621,0.3219553126891454,0.7441164155801138,-0.6957263267040252,0.6027368317668637,-0.649435679204762,1.293660392363866,-0.14949021324515344,-1.2316495322808623,-1.955627195040385,1.0374804838498433,-0.0844586802025636,1.060015743051966,-0.048270852963129676,0,0,0,0,0,0,0,0,0,0,0,0,0,0,1,1,0,0,0,0
0.4.26,0x4320e6f8c05b27ab4707cd1f6d5ce6f3e4b3a5a1&Initialized&reentrancy,1.4697444651808058,0.6675874789555868,-0.5462390056678227,-0.770638861826488,-0.18588233668179738,0.5555322581813449,1.446218718020689,0.1475172064134053,1.3167981668597175,-0.45934501148405527,1.2459350278423655,-0.5480771144142463,2.0485354250385646,-0.37159017845988274,-0.7004110114648938,-1.3465509897186643,0.674448909504073,-0.10279216794740587,1.1435808157991796,-0.11483097927910942,0,0,0,0,0,0,0,0,0,0,0,0,0,0,1,0,0,0,0,0
0.4.26,0x4320e6f8c05b27ab4707cd1f6d5ce6f3e4b3a5a1&Deposit&reentrancy,0.09995165239956419,0.007484675969107677,-1.012176205798731,-0.9999354399614415,0.40797060229263066,-0.12180855693453449,1.567084076861709,0.15525354236616926,0.8938007152449908,-0.5988334786083739,0.28366082950132127,-0.0031772066239204445,1.6991247556219666,-0.7417389803202981,-0.5587241953886035,-0.5278068013110403,1.6591126138375978,-0.21874374198585245,1.1758560887143268,-0.31516132895219123,1,0,0,0,1,0,0,0,0,0,0,0,0,0,1,0,0,1,1,0
0.4.26,0x4320e6f8c05b27ab4707cd1f6d5ce6f3e4b3a5a1&Collect&reentrancy,0.05771525364985569,0.2963251438286665,-0.6005375615770011,-0.9366855306698264,0.4804469814135445,0.12765192385200116,1.5642737208885684,0.314305238398931,0.9335082662961841,-0.7537623015667895,0.38285158028182903,-0.02510426613240898,1.591267936199689,-0.4354478050988141,-1.0035004156186051,-0.9177362723745031,1.5746710077464152,-0.11623103818822679,0.9516517484306003,-0.12125838049452939,1,0,0,1,1,0,0,0,0,1,1,0,0,0,1,1,0,1,0,1
0.4.26,0x4320e6f8c05b27ab4707cd1f6d5ce6f3e4b3a5a1&fallback&reentrancy,0.48278650268912315,2.2902525067329407,-0.5498332874849439,-1.0808084830641747,0.06732949614524841,0.3076394200325012,1.4245207607746124,-0.4128932058811188,-0.21849439293146133,-0.2660263329744339,-0.962324284017086,-0.7067335317842662,0.18505403399467468,-1.1356851365417242,-1.0980264991521835,-1.1356691867113113,0.6874163746833801,0.049653105437755585,1.0880225896835327,1.5432261526584625,0,0,0,0,0,0,0,0,0,0,0,0,0,0,1,0,0,0,0,0
0.4.26,0x4320e6f8c05b27ab4707cd1f6d5ce6f3e4b3a5a1&AddMessage&reentrancy,0.8483892966594014,0.47877278303106624,-1.1765609201309937,-1.0942610990078676,-0.03847817859301964,0.350230899151592,1.3343165796693592,0.1876499406727297,0.6182543343470787,-0.35294220472375554,0.4481594001464102,-0.13379996146319345,1.6352464349142142,-0.8281987872019055,-0.41914843687499387,-0.7201024907685462,1.2261697765262354,0.013666063147996153,1.199792875963751,-0.5893674253353051,0,0,0,0,0,0,0,0,0,0,0,0,0,0,1,0,0,0,0,0
0.4.26,0x4e73b32ed6c35f570686b89848e5f39f20ecc106&SetMinSum&reentrancy,0.37778721233973134,1.2353192842923677,-0.24833109630988195,-0.8049252007443172,-0.22511018096254423,0.7311446426006464,1.2137960161154087,0.2544908236998778,0.5270320114034873,-0.6693905144929886,0.2981251060174635,-0.8201361924338226,1.1124231116129801,-0.22646880679978773,-1.1659525802287345,-1.5914720205160289,0.9648617821244093,0.03502691952654949,0.8405359945474908,0.48634185240818906,0,0,0,0,0,0,0,0,0,0,0,0,0,0,1,1,0,0,0,0
0.4.26,0x4e73b32ed6c35f570686b89848e5f39f20ecc106&SetLogFile&reentrancy,1.074256288205705,0.8977259949940007,-0.4649160751482336,-0.7269345294775033,-0.21667174540641831,0.7271629034019098,1.2449737543739923,0.274441915314372,0.9582406820320502,-0.6297192726193405,0.8171524947690891,-0.6511598276428696,1.585866235378312,-0.20243870566894367,-1.0424587772704843,-1.737046134181139,0.9265998740021776,-0.09544532428063997,1.0724498023983182,-0.006135439727364517,0,0,0,0,0,0,0,0,0,0,0,0,0,0,1,1,0,0,0,0
0.4.26,0x4e73b32ed6c35f570686b89848e5f39f20ecc106&Initialized&reentrancy,1.4697444651808058,0.6675874789555868,-0.5462390056678227,-0.770638861826488,-0.18588233668179738,0.5555322581813449,1.446218718020689,0.1475172064134053,1.3167981668597175,-0.45934501148405527,1.2459350278423655,-0.5480771144142463,2.0485354250385646,-0.37159017845988274,-0.7004110114648938,-1.3465509897186643,0.674448909504073,-0.10279216794740587,1.1435808157991796,-0.11483097927910942,0,0,0,0,0,0,0,0,0,0,0,0,0,0,1,0,0,0,0,0
0.4.26,0x4e73b32ed6c35f570686b89848e5f39f20ecc106&Deposit&reentrancy,0.09995165239956419,0.007484675969107677,-1.012176205798731,-0.9999354399614415,0.40797060229263066,-0.12180855693453449,1.567084076861709,0.15525354236616926,0.8938007152449908,-0.5988334786083739,0.28366082950132127,-0.0031772066239204445,1.6991247556219666,-0.7417389803202981,-0.5587241953886035,-0.5278068013110403,1.6591126138375978,-0.21874374198585245,1.1758560887143268,-0.31516132895219123,1,0,0,0,1,0,0,0,0,0,0,0,0,0,1,0,0,1,1,0
0.4.26,0x4e73b32ed6c35f570686b89848e5f39f20ecc106&Collect&reentrancy,0.05771525364985569,0.2963251438286665,-0.6005375615770011,-0.9366855306698264,0.4804469814135445,0.12765192385200116,1.5642737208885684,0.314305238398931,0.9335082662961841,-0.7537623015667895,0.38285158028182903,-0.02510426613240898,1.591267936199689,-0.4354478050988141,-1.0035004156186051,-0.9177362723745031,1.5746710077464152,-0.11623103818822679,0.9516517484306003,-0.12125838049452939,1,0,0,1,1,0,0,0,0,1,1,0,0,0,1,1,0,1,0,1
0.4.26,0x4e73b32ed6c35f570686b89848e5f39f20ecc106&fallback&reentrancy,0.48278650268912315,2.2902525067329407,-0.5498332874849439,-1.0808084830641747,0.06732949614524841,0.3076394200325012,1.4245207607746124,-0.4128932058811188,-0.21849439293146133,-0.2660263329744339,-0.962324284017086,-0.7067335317842662,0.18505403399467468,-1.1356851365417242,-1.0980264991521835,-1.1356691867113113,0.6874163746833801,0.049653105437755585,1.0880225896835327,1.5432261526584625,0,0,0,0,0,0,0,0,0,0,0,0,0,0,1,0,0,0,0,0
0.4.26,0x4e73b32ed6c35f570686b89848e5f39f20ecc106&AddMessage&reentrancy,0.8483892966594014,0.47877278303106624,-1.1765609201309937,-1.0942610990078676,-0.03847817859301964,0.350230899151592,1.3343165796693592,0.1876499406727297,0.6182543343470787,-0.35294220472375554,0.4481594001464102,-0.13379996146319345,1.6352464349142142,-0.8281987872019055,-0.41914843687499387,-0.7201024907685462,1.2261697765262354,0.013666063147996153,1.199792875963751,-0.5893674253353051,0,0,0,0,0,0,0,0,0,0,0,0,0,0,1,0,0,0,0,0
0.4.26,0x561eac93c92360949ab1f1403323e6db345cbf31&SetMinSum&reentrancy,0.6026263572275639,1.2215163220961889,-0.27856538941462833,-0.6878945287317038,-0.26524642917017144,0.8024444793661435,0.997996215770642,0.32518818899989127,0.503728258361419,-0.7294189617037773,0.32422104755726955,-0.722227733504648,1.0154502446452776,-0.1466661339625716,-1.3324612023153652,-1.9471903443336487,1.0817807964980601,-0.025174046866595745,0.9564112448133528,0.15460212032000223,0,0,0,0,0,0,0,0,0,0,0,0,0,0,1,1,0,0,0,0
0.4.26,0x561eac93c92360949ab1f1403323e6db345cbf31&SetLogFile&reentrancy,0.938394956390063,1.0397259163856507,-0.3909183192253113,-0.6686657628417015,-0.25260616809129716,0.7860078279177348,1.058200006087621,0.3219553126891454,0.7441164155801138,-0.6957263267040252,0.6027368317668637,-0.649435679204762,1.293660392363866,-0.14949021324515344,-1.2316495322808623,-1.955627195040385,1.0374804838498433,-0.0844586802025636,1.060015743051966,-0.048270852963129676,0,0,0,0,0,0,0,0,0,0,0,0,0,0,1,1,0,0,0,0
0.4.26,0x561eac93c92360949ab1f1403323e6db345cbf31&Initialized&reentrancy,1.4697444651808058,0.6675874789555868,-0.5462390056678227,-0.770638861826488,-0.18588233668179738,0.5555322581813449,1.446218718020689,0.1475172064134053,1.3167981668597175,-0.45934501148405527,1.2459350278423655,-0.5480771144142463,2.0485354250385646,-0.37159017845988274,-0.7004110114648938,-1.3465509897186643,0.674448909504073,-0.10279216794740587,1.1435808157991796,-0.11483097927910942,0,0,0,0,0,0,0,0,0,0,0,0,0,0,1,0,0,0,0,0
0.4.26,0x561eac93c92360949ab1f1403323e6db345cbf31&Deposit&reentrancy,0.09995165239956419,0.007484675969107677,-1.012176205798731,-0.9999354399614415,0.40797060229263066,-0.12180855693453449,1.567084076861709,0.15525354236616926,0.8938007152449908,-0.5988334786083739,0.28366082950132127,-0.0031772066239204445,1.6991247556219666,-0.7417389803202981,-0.5587241953886035,-0.5278068013110403,1.6591126138375978,-0.21874374198585245,1.1758560887143268,-0.31516132895219123,1,0,0,0,1,0,0,0,0,0,0,0,0,0,1,0,0,1,1,0
0.4.26,0x561eac93c92360949ab1f1403323e6db345cbf31&Collect&reentrancy,0.05771525364985569,0.2963251438286665,-0.6005375615770011,-0.9366855306698264,0.4804469814135445,0.12765192385200116,1.5642737208885684,0.314305238398931,0.9335082662961841,-0.7537623015667895,0.38285158028182903,-0.02510426613240898,1.591267936199689,-0.4354478050988141,-1.0035004156186051,-0.9177362723745031,1.5746710077464152,-0.11623103818822679,0.9516517484306003,-0.12125838049452939,1,0,0,1,1,0,0,0,0,1,1,0,0,0,1,1,0,1,0,1
0.4.26,0x561eac93c92360949ab1f1403323e6db345cbf31&fallback&reentrancy,0.48278650268912315,2.2902525067329407,-0.5498332874849439,-1.0808084830641747,0.06732949614524841,0.3076394200325012,1.4245207607746124,-0.4128932058811188,-0.21849439293146133,-0.2660263329744339,-0.962324284017086,-0.7067335317842662,0.18505403399467468,-1.1356851365417242,-1.0980264991521835,-1.1356691867113113,0.6874163746833801,0.049653105437755585,1.0880225896835327,1.5432261526584625,0,0,0,0,0,0,0,0,0,0,0,0,0,0,1,0,0,0,0,0
0.4.26,0x561eac93c92360949ab1f1403323e6db345cbf31&AddMessage&reentrancy,0.8483892966594014,0.47877278303106624,-1.1765609201309937,-1.0942610990078676,-0.03847817859301964,0.350230899151592,1.3343165796693592,0.1876499406727297,0.6182543343470787,-0.35294220472375554,0.4481594001464102,-0.13379996146319345,1.6352464349142142,-0.8281987872019055,-0.41914843687499387,-0.7201024907685462,1.2261697765262354,0.013666063147996153,1.199792875963751,-0.5893674253353051,0,0,0,0,0,0,0,0,0,0,0,0,0,0,1,0,0,0,0,0
0.4.26,0x627fa62ccbb1c1b04ffaecd72a53e37fc0e17839&changeOwner&reentrancy,1.1727983894802274,0.9987335815316155,-0.6420580626480163,-0.5520453110100731,-0.0663938085947718,0.7149841865849873,1.1468526857003334,0.46838353030265323,0.9050570757143082,-0.5708935213467431,0.5399167269231782,-0.3188545486579339,1.5822977220255232,-0.06375459203171352,-1.176454735772004,-2.2403783883367265,1.2196577685692953,-0.23880010855103295,0.900482709977835,-0.21978150284479533,0,0,0,0,0,0,0,0,0,0,0,0,0,0,1,1,1,1,0,0
0.4.26,0x627fa62ccbb1c1b04ffaecd72a53e37fc0e17839&confirmOwner&reentrancy,1.2078798760290015,0.9806838264204052,-0.691802055868384,-0.5622161000150524,-0.12497778726767188,0.7302935258166431,1.0506906938062954,0.4818097396868549,0.8380164520381248,-0.49670258368531317,0.5298238508020566,-0.3271334994176071,1.534521463390899,-0.14667032822354198,-1.1680678202808923,-2.1780752988710796,1.285019764344986,-0.24116732430172294,0.9371217134574504,-0.2796623020955961,0,0,0,0,0,0,0,0,0,0,0,0,0,0,1,1,0,1,0,0
0.4.26,0x627fa62ccbb1c1b04ffaecd72a53e37fc0e17839&WithdrawToken&reentrancy,0.5038490295410156,0.666281963040115,-0.7548495688635832,-0.7305616233379219,0.26859276290911777,0.4048500053442208,1.1882097241794987,0.3478153264921182,0.6770449591693795,-0.45218798726986925,0.32928801038462646,-0.1423571059765045,1.4535969417945596,-0.2723434130619666,-1.0248866006257429,-1.4718528279832974,1.5166806202785226,-0.30228519446815655,0.9404245218748499,-0.06787755155259637,1,0,0,0,0,0,1,0,0,1,1,0,0,0,1,1,1,1,0,0
0.4.26,0x627fa62ccbb1c1b04ffaecd72a53e37fc0e17839&initTokenBank&reentrancy,1.4637812398098133,0.4684406209875036,-0.8858077824115753,-0.706015243574425,-0.03309590507436682,0.274113060147674,1.4527167556462464,0.31602290493470653,1.1821959631310568,-0.6366464937174762,0.8974789883941412,-0.15937456933574545,2.1792492226318076,-0.5816029626186248,-0.3883264214490299,-1.3366079683657046,0.9636006482221462,-0.1176733915452604,1.0648169760350827,-0.7664596515673178,0,0,0,0,0,0,0,0,0,0,0,0,0,0,1,0,0,1,0,0
0.4.26,0x627fa62ccbb1c1b04ffaecd72a53e37fc0e17839&fallback&reentrancy,0.48278650268912315,2.2902525067329407,-0.5498332874849439,-1.0808084830641747,0.06732949614524841,0.3076394200325012,1.4245207607746124,-0.4128932058811188,-0.21849439293146133,-0.2660263329744339,-0.962324284017086,-0.7067335317842662,0.18505403399467468,-1.1356851365417242,-1.0980264991521835,-1.1356691867113113,0.6874163746833801,0.049653105437755585,1.0880225896835327,1.5432261526584625,0,0,0,0,0,0,0,0,0,0,0,0,0,0,1,0,0,0,0,0
0.4.26,0x627fa62ccbb1c1b04ffaecd72a53e37fc0e17839&Deposit&reentrancy,0.030629799721088816,0.843752014510175,-0.7152959977058654,-0.810899795211376,0.1521771970264455,0.4312172988231512,1.596779964230162,-0.027103757287593597,0.7127983814224284,-1.0069673682780975,-0.09481137733351677,-0.0055774663515547485,1.2964275057645553,-0.6027004893155808,-1.2185088063570413,-1.5221155875540795,0.8513130396604538,0.037076475138359884,0.7155810671442366,0.14444057801936536,0,0,0,0,1,0,0,0,0,0,0,0,0,0,1,1,0,1,1,0
0.4.26,0x627fa62ccbb1c1b04ffaecd72a53e37fc0e17839&WitdrawTokenToHolder&reentrancy,0.7637947585674063,1.1173703789470657,-0.5979164231478447,-0.6463565842639054,0.08974073998509877,0.6714469762744322,1.2271291263882191,0.5029081758111715,0.7782777680024024,-0.7676093674475147,0.21270818130353525,-0.19238196293853463,1.3621185174392116,-0.010208975944307542,-1.4555756325247668,-2.4157036480403717,1.458892326561674,-0.12343916068634679,0.7775123689714218,-0.161408580479122,0,0,0,0,0,0,0,0,0,0,0,0,0,0,1,1,1,1,0,0
0.4.26,0x627fa62ccbb1c1b04ffaecd72a53e37fc0e17839&WithdrawToHolder&reentrancy,0.5009138949938043,0.8974992331852483,-0.5674439575959209,-0.6704515756970664,0.22704250953568264,0.5659976199854876,1.214996690559746,0.4327512772186943,0.7758019192075749,-0.6057333499691558,0.27822788553094385,-0.20628113108983007,1.4034560159297294,-0.07898340341837509,-1.2634541336509297,-1.9016600271132478,1.382862398307459,-0.21755503412074467,0.7704205029335708,0.017613278085172775,1,0,0,1,1,0,0,0,0,1,1,0,0,0,1,1,1,1,0,1
0.4.26,0x7541b76cb60f4c60af330c208b0623b7f54bf615&Put&reentrancy,0.07893841880924847,0.5040280011539556,-0.5598775676774735,-0.9820194616153533,0.30308661404616977,-0.006961318778292257,1.6071072076352275,-0.04225861208931524,0.8161269587379101,-0.697074794647645,0.15395302017105325,-0.056218547779800634,1.3961021366472146,-0.8036217726196866,-0.7032556768687328,-0.7036179167275526,1.2016884625262143,0.10348510622446026,1.046150297857821,0.04664238070955082,1,0,0,0,1,0,0,0,0,0,0,0,0,0,1,1,0,1,1,0
0.4.26,0x7541b76cb60f4c60af330c208b0623b7f54bf615&Collect&reentrancy,-0.13107166391226552,0.46730331908310613,-0.35747200983666605,-0.9410119297042969,0.4377319571231642,0.2487681447903836,1.5247201117416542,0.24499743272580446,0.8384739155392914,-0.5764559615523585,0.36211485256846515,-0.1577410576076457,1.3824114591003425,-0.4427530250752405,-1.0151161466191914,-0.6553277724212215,1.2386748748681238,-0.07143677937828245,0.9110867147814603,0.31701119820917806,1,0,0,1,1,0,0,0,0,1,1,0,0,0,1,1,0,1,0,1
0.4.26,0x7541b76cb60f4c60af330c208b0623b7f54bf615&fallback&reentrancy,0.47523111999034884,2.094716453552246,-0.623871199041605,-1.140234512090683,0.1622763156890869,0.35837875604629515,1.5098484992980956,-0.2250283479690552,-0.059605580568313596,-0.3874727964401245,-0.7234024733304978,-0.5661892333999277,0.5532455205917358,-0.905325723439455,-1.1258893609046936,-1.394146168231964,0.8122344970703125,0.04353293478488922,1.1176138639450073,1.1226603865623475,0,0,0,0,0,0,0,0,0,0,0,0,0,0,1,0,0,0,0,0
0.4.26,0x7541b76cb60f4c60af330c208b0623b7f54bf615&U_BANK&reentrancy,0.4472865025118853,0.0660971082173861,-1.198175785973525,-1.0520167739058917,0.02516653431722751,0.07445534954044539,1.359654627023981,-0.10656094106917198,0.6680134253468938,-0.17627230648381206,0.5253689438462831,-0.11504870334353584,1.7295001057478099,-1.0784843330486462,-0.3129787207581103,-0.1851631921196643,1.039171691554097,-0.3543611933978704,1.3353905058824098,-0.3540856778048552,0,0,0,0,0,0,0,0,0,0,0,0,0,0,1,0,0,0,0,0
0.4.26,0x7541b76cb60f4c60af330c208b0623b7f54bf615&AddMessage&reentrancy,0.8483892966594014,0.47877278303106624,-1.1765609201309937,-1.0942610990078676,-0.03847817859301964,0.350230899151592,1.3343165796693592,0.1876499406727297,0.6182543343470787,-0.35294220472375554,0.4481594001464102,-0.13379996146319345,1.6352464349142142,-0.8281987872019055,-0.41914843687499387,-0.7201024907685462,1.2261697765262354,0.013666063147996153,1.199792875963751,-0.5893674253353051,0,0,0,0,0,0,0,0,0,0,0,0,0,0,1,0,0,0,0,0
0.4.26,0x7a8721a9d64c74da899424c1b52acbf58ddc9782&PrivateDeposit&reentrancy,1.2536736170628242,0.49911108932324816,-0.9016092119605413,-0.7964957308556352,0.036852285132876465,0.37333631542112145,1.3030923349516732,0.10316669624964041,0.9936980245651544,-0.35081480177385466,0.8766984654191349,-0.3185682555194944,1.9688236620277166,-0.5638925540926201,-0.5303632505903286,-1.1038485672324896,0.9481361396610737,-0.270254593874727,1.1424067241605371,-0.3296897480530398,0,0,0,0,0,0,0,0,0,0,0,0,0,0,1,0,0,1,0,0
0.4.26,0x7a8721a9d64c74da899424c1b52acbf58ddc9782&setLog&reentrancy,0.7069780483276029,0.6942682534079009,-1.0326100200226036,-0.7845608305327499,-0.2540853096148636,0.43974905828886396,1.1181057406754433,-0.0036315388883216473,0.23322319116773485,-0.13586290463616577,0.16728278058522109,-0.3838078340963472,1.1475931673864774,-0.7132430147332481,-0.5797515759315295,-0.8326030762135228,0.7606510509607158,-0.2715007379368136,0.923773101660647,0.023747334799057322,0,1,0,0,0,1,0,0,0,0,0,0,0,0,1,1,1,0,0,0
0.4.26,0x7a8721a9d64c74da899424c1b52acbf58ddc9782&Deposit&reentrancy,-0.015149147194974562,0.31200210443314386,-0.778565635356833,-0.9575483214986675,0.29844841454178095,0.11075292286627433,1.5854287579765214,0.054420020157361734,0.8333158381077844,-0.6308208725908223,0.1962612077854026,-0.06732953313108095,1.5062043895835386,-0.6080788124955314,-0.7837494384867194,-0.7163890850018052,1.380884153439718,-0.1363043714698185,1.0280484912971801,0.004105434040812885,1,0,0,0,1,0,0,0,0,0,0,0,0,0,1,1,0,1,1,0
0.4.26,0x7a8721a9d64c74da899424c1b52acbf58ddc9782&CashOut&reentrancy,-0.002571566131981936,0.1793285991657864,-0.6736923698674548,-0.9193378433585166,0.5519011684100736,0.003209007861600681,1.5289860962805424,0.2923061684112657,0.9357734247661111,-0.6414880435575139,0.3965166330210526,-0.05830230525356125,1.6459287596019831,-0.48745299481194126,-0.8325022177474404,-0.709040506048636,1.590011275085536,-0.21760219388048757,0.9710983122614297,-0.050114685161547226,1,0,0,1,1,0,0,0,0,1,1,0,0,0,1,1,0,1,0,1
0.4.26,0x7a8721a9d64c74da899424c1b52acbf58ddc9782&AddMessage&reentrancy,0.8483892966594014,0.47877278303106624,-1.1765609201309937,-1.0942610990078676,-0.03847817859301964,0.350230899151592,1.3343165796693592,0.1876499406727297,0.6182543343470787,-0.35294220472375554,0.4481594001464102,-0.13379996146319345,1.6352464349142142,-0.8281987872019055,-0.41914843687499387,-0.7201024907685462,1.2261697765262354,0.013666063147996153,1.199792875963751,-0.5893674253353051,0,0,0,0,0,0,0,0,0,0,0,0,0,0,1,0,0,0,0,0
0.4.26,0x7b368c4e805c3870b6c49a3f1f49f69af8662cf3&Put&reentrancy,0.07893841880924847,0.5040280011539556,-0.5598775676774735,-0.9820194616153533,0.30308661404616977,-0.006961318778292257,1.6071072076352275,-0.04225861208931524,0.8161269587379101,-0.697074794647645,0.15395302017105325,-0.056218547779800634,1.3961021366472146,-0.8036217726196866,-0.7032556768687328,-0.7036179167275526,1.2016884625262143,0.10348510622446026,1.046150297857821,0.04664238070955082,1,0,0,0,1,0,0,0,0,0,0,0,0,0,1,1,0,1,1,0
0.4.26,0x7b368c4e805c3870b6c49a3f1f49f69af8662cf3&Collect&reentrancy,-0.13107166391226552,0.46730331908310613,-0.35747200983666605,-0.9410119297042969,0.4377319571231642,0.2487681447903836,1.5247201117416542,0.24499743272580446,0.8384739155392914,-0.5764559615523585,0.36211485256846515,-0.1577410576076457,1.3824114591003425,-0.4427530250752405,-1.0151161466191914,-0.6553277724212215,1.2386748748681238,-0.07143677937828245,0.9110867147814603,0.31701119820917806,1,0,0,1,1,0,0,0,0,1,1,0,0,0,1,1,0,1,0,1
0.4.26,0x7b368c4e805c3870b6c49a3f1f49f69af8662cf3&fallback&reentrancy,0.47523111999034884,2.094716453552246,-0.623871199041605,-1.140234512090683,0.1622763156890869,0.35837875604629515,1.5098484992980956,-0.2250283479690552,-0.059605580568313596,-0.3874727964401245,-0.7234024733304978,-0.5661892333999277,0.5532455205917358,-0.905325723439455,-1.1258893609046936,-1.394146168231964,0.8122344970703125,0.04353293478488922,1.1176138639450073,1.1226603865623475,0,0,0,0,0,0,0,0,0,0,0,0,0,0,1,0,0,0,0,0
0.4.26,0x7b368c4e805c3870b6c49a3f1f49f69af8662cf3&W_WALLET&reentrancy,0.4472865025118853,0.0660971082173861,-1.198175785973525,-1.0520167739058917,0.02516653431722751,0.07445534954044539,1.359654627023981,-0.10656094106917198,0.6680134253468938,-0.17627230648381206,0.5253689438462831,-0.11504870334353584,1.7295001057478099,-1.0784843330486462,-0.3129787207581103,-0.1851631921196643,1.039171691554097,-0.3543611933978704,1.3353905058824098,-0.3540856778048552,0,0,0,0,0,0,0,0,0,0,0,0,0,0,1,0,0,0,0,0
0.4.26,0x7b368c4e805c3870b6c49a3f1f49f69af8662cf3&AddMessage&reentrancy,0.8483892966594014,0.47877278303106624,-1.1765609201309937,-1.0942610990078676,-0.03847817859301964,0.350230899151592,1.3343165796693592,0.1876499406727297,0.6182543343470787,-0.35294220472375554,0.4481594001464102,-0.13379996146319345,1.6352464349142142,-0.8281987872019055,-0.41914843687499387,-0.7201024907685462,1.2261697765262354,0.013666063147996153,1.199792875963751,-0.5893674253353051,0,0,0,0,0,0,0,0,0,0,0,0,0,0,1,0,0,0,0,0
0.4.26,0x8c7777c45481dba411450c228cb692ac3d550344&ETH_VAULT&reentrancy,1.6987546568825131,0.3403453954628536,-0.9062763409955161,-0.7382527334349496,-0.15662605421883719,0.45119549263091313,1.4240378882913363,0.21263753374417624,1.3826263000567753,-0.5634285977908543,1.265255620880496,-0.271672221299793,2.2833507046813057,-0.457045212920223,-0.4477421862206289,-1.4047626994905018,0.8490962010054361,-0.18834603542373293,1.2465532535598391,-0.7920447772457486,0,0,0,0,0,0,0,0,0,0,0,0,0,0,1,0,0,0,0,0
0.4.26,0x8c7777c45481dba411450c228cb692ac3d550344&Deposit&reentrancy,0.020016850820228235,0.2685488796056206,-0.8442346807291259,-0.9283435688312374,0.35432679200572753,0.047820244915783405,1.5618217946099702,0.0853939719720563,0.8493493948646113,-0.6619770019801695,0.20007909316597366,-0.0437853943014434,1.5490796389197237,-0.6426792470321282,-0.7712583382780761,-0.7598211342719063,1.4025956850443313,-0.17060754367553477,1.0266816423121672,-0.04743753151217504,1,0,0,0,1,0,0,0,0,0,0,0,0,0,1,1,0,1,1,0
0.4.26,0x8c7777c45481dba411450c228cb692ac3d550344&CashOut&reentrancy,-0.002571566131981936,0.1793285991657864,-0.6736923698674548,-0.9193378433585166,0.5519011684100736,0.003209007861600681,1.5289860962805424,0.2923061684112657,0.9357734247661111,-0.6414880435575139,0.3965166330210526,-0.05830230525356125,1.6459287596019831,-0.48745299481194126,-0.8325022177474404,-0.709040506048636,1.590011275085536,-0.21760219388048757,0.9710983122614297,-0.050114685161547226,1,0,0,1,1,0,0,0,0,1,1,0,0,0,1,1,0,1,0,1
0.4.26,0x8c7777c45481dba411450c228cb692ac3d550344&AddMessage&reentrancy,0.8483892966594014,0.47877278303106624,-1.1765609201309937,-1.0942610990078676,-0.03847817859301964,0.350230899151592,1.3343165796693592,0.1876499406727297,0.6182543343470787,-0.35294220472375554,0.4481594001464102,-0.13379996146319345,1.6352464349142142,-0.8281987872019055,-0.41914843687499387,-0.7201024907685462,1.2261697765262354,0.013666063147996153,1.199792875963751,-0.5893674253353051,0,0,0,0,0,0,0,0,0,0,0,0,0,0,1,0,0,0,0,0
0.4.26,0x93c32845fae42c83a70e5f06214c8433665c2ab5&Put&reentrancy,0.07893841880924847,0.5040280011539556,-0.5598775676774735,-0.9820194616153533,0.30308661404616977,-0.006961318778292257,1.6071072076352275,-0.04225861208931524,0.8161269587379101,-0.697074794647645,0.15395302017105325,-0.056218547779800634,1.3961021366472146,-0.8036217726196866,-0.7032556768687328,-0.7036179167275526,1.2016884625262143,0.10348510622446026,1.046150297857821,0.04664238070955082,1,0,0,0,1,0,0,0,0,0,0,0,0,0,1,1,0,1,1,0
0.4.26,0x93c32845fae42c83a70e5f06214c8433665c2ab5&Collect&reentrancy,-0.13107166391226552,0.46730331908310613,-0.35747200983666605,-0.9410119297042969,0.4377319571231642,0.2487681447903836,1.5247201117416542,0.24499743272580446,0.8384739155392914,-0.5764559615523585,0.36211485256846515,-0.1577410576076457,1.3824114591003425,-0.4427530250752405,-1.0151161466191914,-0.6553277724212215,1.2386748748681238,-0.07143677937828245,0.9110867147814603,0.31701119820917806,1,0,0,1,1,0,0,0,0,1,1,0,0,0,1,1,0,1,0,1
0.4.26,0x93c32845fae42c83a70e5f06214c8433665c2ab5&fallback&reentrancy,0.47523111999034884,2.094716453552246,-0.623871199041605,-1.140234512090683,0.1622763156890869,0.35837875604629515,1.5098484992980956,-0.2250283479690552,-0.059605580568313596,-0.3874727964401245,-0.7234024733304978,-0.5661892333999277,0.5532455205917358,-0.905325723439455,-1.1258893609046936,-1.394146168231964,0.8122344970703125,0.04353293478488922,1.1176138639450073,1.1226603865623475,0,0,0,0,0,0,0,0,0,0,0,0,0,0,1,0,0,0,0,0
0.4.26,0x93c32845fae42c83a70e5f06214c8433665c2ab5&X_WALLET&reentrancy,0.4472865025118853,0.0660971082173861,-1.198175785973525,-1.0520167739058917,0.02516653431722751,0.07445534954044539,1.359654627023981,-0.10656094106917198,0.6680134253468938,-0.17627230648381206,0.5253689438462831,-0.11504870334353584,1.7295001057478099,-1.0784843330486462,-0.3129787207581103,-0.1851631921196643,1.039171691554097,-0.3543611933978704,1.3353905058824098,-0.3540856778048552,0,0,0,0,0,0,0,0,0,0,0,0,0,0,1,0,0,0,0,0
0.4.26,0x93c32845fae42c83a70e5f06214c8433665c2ab5&AddMessage&reentrancy,0.8483892966594014,0.47877278303106624,-1.1765609201309937,-1.0942610990078676,-0.03847817859301964,0.350230899151592,1.3343165796693592,0.1876499406727297,0.6182543343470787,-0.35294220472375554,0.4481594001464102,-0.13379996146319345,1.6352464349142142,-0.8281987872019055,-0.41914843687499387,-0.7201024907685462,1.2261697765262354,0.013666063147996153,1.199792875963751,-0.5893674253353051,0,0,0,0,0,0,0,0,0,0,0,0,0,0,1,0,0,0,0,0
0.4.26,0x941d225236464a25eb18076df7da6a91d0f95e9e&ETH_FUND&reentrancy,1.6987546568825131,0.3403453954628536,-0.9062763409955161,-0.7382527334349496,-0.15662605421883719,0.45119549263091313,1.4240378882913363,0.21263753374417624,1.3826263000567753,-0.5634285977908543,1.265255620880496,-0.271672221299793,2.2833507046813057,-0.457045212920223,-0.4477421862206289,-1.4047626994905018,0.8490962010054361,-0.18834603542373293,1.2465532535598391,-0.7920447772457486,0,0,0,0,0,0,0,0,0,0,0,0,0,0,1,0,0,0,0,0
0.4.26,0x941d225236464a25eb18076df7da6a91d0f95e9e&Deposit&reentrancy,0.037707037797995974,0.2914595529437065,-0.8301901121224676,-0.9330464919762952,0.33743837954742567,0.03890163672289678,1.552082511144025,0.07750273905694485,0.8281738327882652,-0.6549067433391299,0.197368331087221,-0.0479016515825476,1.549392921317901,-0.6687163839914969,-0.7236411583144218,-0.737932995387486,1.3537353937114989,-0.13250288694564785,0.9981460280516851,-0.06984044026051249,1,0,0,0,1,0,0,0,0,0,0,0,0,0,1,1,0,1,1,0
0.4.26,0x941d225236464a25eb18076df7da6a91d0f95e9e&CashOut&reentrancy,-0.018221424023310343,0.3189803894609213,-0.5404684147487084,-0.8992770165825884,0.5292068428359926,0.07630493799224496,1.5123309621276955,0.2797976969120403,0.896655043924693,-0.6673139189680417,0.3887852998954865,-0.0880598120430174,1.556235477514565,-0.46071566819834214,-0.9492122528647694,-0.8043391374250253,1.4588934909552336,-0.1509740439398835,0.9018216150424754,0.07181889042258263,1,0,0,1,1,0,0,0,0,1,1,0,0,0,1,1,0,1,0,1
0.4.26,0x941d225236464a25eb18076df7da6a91d0f95e9e&AddMessage&reentrancy,0.8483892966594014,0.47877278303106624,-1.1765609201309937,-1.0942610990078676,-0.03847817859301964,0.350230899151592,1.3343165796693592,0.1876499406727297,0.6182543343470787,-0.35294220472375554,0.4481594001464102,-0.13379996146319345,1.6352464349142142,-0.8281987872019055,-0.41914843687499387,-0.7201024907685462,1.2261697765262354,0.013666063147996153,1.199792875963751,-0.5893674253353051,0,0,0,0,0,0,0,0,0,0,0,0,0,0,1,0,0,0,0,0
0.4.26,0x96edbe868531bd23a6c05e9d0c424ea64fb1b78b&SetMinSum&reentrancy,0.6026263572275639,1.2215163220961889,-0.27856538941462833,-0.6878945287317038,-0.26524642917017144,0.8024444793661435,0.997996215770642,0.32518818899989127,0.503728258361419,-0.7294189617037773,0.32422104755726955,-0.722227733504648,1.0154502446452776,-0.1466661339625716,-1.3324612023153652,-1.9471903443336487,1.0817807964980601,-0.025174046866595745,0.9564112448133528,0.15460212032000223,0,0,0,0,0,0,0,0,0,0,0,0,0,0,1,1,0,0,0,0
0.4.26,0x96edbe868531bd23a6c05e9d0c424ea64fb1b78b&SetLogFile&reentrancy,0.938394956390063,1.0397259163856507,-0.3909183192253113,-0.6686657628417015,-0.25260616809129716,0.7860078279177348,1.058200006087621,0.3219553126891454,0.7441164155801138,-0.6957263267040252,0.6027368317668637,-0.649435679204762,1.293660392363866,-0.14949021324515344,-1.2316495322808623,-1.955627195040385,1.0374804838498433,-0.0844586802025636,1.060015743051966,-0.048270852963129676,0,0,0,0,0,0,0,0,0,0,0,0,0,0,1,1,0,0,0,0
0.4.26,0x96edbe868531bd23a6c05e9d0c424ea64fb1b78b&Initialized&reentrancy,1.4697444651808058,0.6675874789555868,-0.5462390056678227,-0.770638861826488,-0.18588233668179738,0.5555322581813449,1.446218718020689,0.1475172064134053,1.3167981668597175,-0.45934501148405527,1.2459350278423655,-0.5480771144142463,2.0485354250385646,-0.37159017845988274,-0.7004110114648938,-1.3465509897186643,0.674448909504073,-0.10279216794740587,1.1435808157991796,-0.11483097927910942,0,0,0,0,0,0,0,0,0,0,0,0,0,0,1,0,0,0,0,0
0.4.26,0x96edbe868531bd23a6c05e9d0c424ea64fb1b78b&Put&reentrancy,0.0923366298016749,0.2917306645920402,-0.6835813089420921,-1.0407841565969744,0.30752482849516366,0.05005883008339687,1.6385037681381953,0.1737001265350141,0.965725347149725,-0.742223144675556,0.2600199397016121,-0.030301883708881705,1.4823297942939557,-0.7216960921099311,-0.7324643626760103,-0.6895885853390945,1.3311369753981892,0.10181257671823626,1.123320359119067,-0.18242883917532468,1,0,0,0,1,0,0,0,0,0,0,0,0,0,1,1,0,1,1,0
0.4.26,0x96edbe868531bd23a6c05e9d0c424ea64fb1b78b&Collect&reentrancy,-0.13107166391226552,0.46730331908310613,-0.35747200983666605,-0.9410119297042969,0.4377319571231642,0.2487681447903836,1.5247201117416542,0.24499743272580446,0.8384739155392914,-0.5764559615523585,0.36211485256846515,-0.1577410576076457,1.3824114591003425,-0.4427530250752405,-1.0151161466191914,-0.6553277724212215,1.2386748748681238,-0.07143677937828245,0.9110867147814603,0.31701119820917806,1,0,0,1,1,0,0,0,0,1,1,0,0,0,1,1,0,1,0,1
0.4.26,0x96edbe868531bd23a6c05e9d0c424ea64fb1b78b&fallback&reentrancy,0.47523111999034884,2.094716453552246,-0.623871199041605,-1.140234512090683,0.1622763156890869,0.35837875604629515,1.5098484992980956,-0.2250283479690552,-0.059605580568313596,-0.3874727964401245,-0.7234024733304978,-0.5661892333999277,0.5532455205917358,-0.905325723439455,-1.1258893609046936,-1.394146168231964,0.8122344970703125,0.04353293478488922,1.1176138639450073,1.1226603865623475,0,0,0,0,0,0,0,0,0,0,0,0,0,0,1,0,0,0,0,0
0.4.26,0x96edbe868531bd23a6c05e9d0c424ea64fb1b78b&AddMessage&reentrancy,0.8483892966594014,0.47877278303106624,-1.1765609201309937,-1.0942610990078676,-0.03847817859301964,0.350230899151592,1.3343165796693592,0.1876499406727297,0.6182543343470787,-0.35294220472375554,0.4481594001464102,-0.13379996146319345,1.6352464349142142,-0.8281987872019055,-0.41914843687499387,-0.7201024907685462,1.2261697765262354,0.013666063147996153,1.199792875963751,-0.5893674253353051,0,0,0,0,0,0,0,0,0,0,0,0,0,0,1,0,0,0,0,0
0.4.26,0xaae1f51cf3339f18b6d3f3bdc75a5facd744b0b8&SetMinSum&reentrancy,0.6026263572275639,1.2215163220961889,-0.27856538941462833,-0.6878945287317038,-0.26524642917017144,0.8024444793661435,0.997996215770642,0.32518818899989127,0.503728258361419,-0.7294189617037773,0.32422104755726955,-0.722227733504648,1.0154502446452776,-0.1466661339625716,-1.3324612023153652,-1.9471903443336487,1.0817807964980601,-0.025174046866595745,0.9564112448133528,0.15460212032000223,0,0,0,0,0,0,0,0,0,0,0,0,0,0,1,1,0,0,0,0
0.4.26,0xaae1f51cf3339f18b6d3f3bdc75a5facd744b0b8&SetLogFile&reentrancy,0.938394956390063,1.0397259163856507,-0.3909183192253113,-0.6686657628417015,-0.25260616809129716,0.7860078279177348,1.058200006087621,0.3219553126891454,0.7441164155801138,-0.6957263267040252,0.6027368317668637,-0.649435679204762,1.293660392363866,-0.14949021324515344,-1.2316495322808623,-1.955627195040385,1.0374804838498433,-0.0844586802025636,1.060015743051966,-0.048270852963129676,0,0,0,0,0,0,0,0,0,0,0,0,0,0,1,1,0,0,0,0
0.4.26,0xaae1f51cf3339f18b6d3f3bdc75a5facd744b0b8&Initialized&reentrancy,1.4697444651808058,0.6675874789555868,-0.5462390056678227,-0.770638861826488,-0.18588233668179738,0.5555322581813449,1.446218718020689,0.1475172064134053,1.3167981668597175,-0.45934501148405527,1.2459350278423655,-0.5480771144142463,2.0485354250385646,-0.37159017845988274,-0.7004110114648938,-1.3465509897186643,0.674448909504073,-0.10279216794740587,1.1435808157991796,-0.11483097927910942,0,0,0,0,0,0,0,0,0,0,0,0,0,0,1,0,0,0,0,0
0.4.26,0xaae1f51cf3339f18b6d3f3bdc75a5facd744b0b8&Deposit&reentrancy,0.09995165239956419,0.007484675969107677,-1.012176205798731,-0.9999354399614415,0.40797060229263066,-0.12180855693453449,1.567084076861709,0.15525354236616926,0.8938007152449908,-0.5988334786083739,0.28366082950132127,-0.0031772066239204445,1.6991247556219666,-0.7417389803202981,-0.5587241953886035,-0.5278068013110403,1.6591126138375978,-0.21874374198585245,1.1758560887143268,-0.31516132895219123,1,0,0,0,1,0,0,0,0,0,0,0,0,0,1,0,0,1,1,0
0.4.26,0xaae1f51cf3339f18b6d3f3bdc75a5facd744b0b8&Collect&reentrancy,0.05771525364985569,0.2963251438286665,-0.6005375615770011,-0.9366855306698264,0.4804469814135445,0.12765192385200116,1.5642737208885684,0.314305238398931,0.9335082662961841,-0.7537623015667895,0.38285158028182903,-0.02510426613240898,1.591267936199689,-0.4354478050988141,-1.0035004156186051,-0.9177362723745031,1.5746710077464152,-0.11623103818822679,0.9516517484306003,-0.12125838049452939,1,0,0,1,1,0,0,0,0,1,1,0,0,0,1,1,0,1,0,1
0.4.26,0xaae1f51cf3339f18b6d3f3bdc75a5facd744b0b8&fallback&reentrancy,0.48278650268912315,2.2902525067329407,-0.5498332874849439,-1.0808084830641747,0.06732949614524841,0.3076394200325012,1.4245207607746124,-0.4128932058811188,-0.21849439293146133,-0.2660263329744339,-0.962324284017086,-0.7067335317842662,0.18505403399467468,-1.1356851365417242,-1.0980264991521835,-1.1356691867113113,0.6874163746833801,0.049653105437755585,1.0880225896835327,1.5432261526584625,0,0,0,0,0,0,0,0,0,0,0,0,0,0,1,0,0,0,0,0
0.4.26,0xaae1f51cf3339f18b6d3f3bdc75a5facd744b0b8&AddMessage&reentrancy,0.8483892966594014,0.47877278303106624,-1.1765609201309937,-1.0942610990078676,-0.03847817859301964,0.350230899151592,1.3343165796693592,0.1876499406727297,0.6182543343470787,-0.35294220472375554,0.4481594001464102,-0.13379996146319345,1.6352464349142142,-0.8281987872019055,-0.41914843687499387,-0.7201024907685462,1.2261697765262354,0.013666063147996153,1.199792875963751,-0.5893674253353051,0,0,0,0,0,0,0,0,0,0,0,0,0,0,1,0,0,0,0,0
0.4.26,0xb5e1b1ee15c6fa0e48fce100125569d430f1bd12&Private_Bank&reentrancy,1.6987546568825131,0.3403453954628536,-0.9062763409955161,-0.7382527334349496,-0.15662605421883719,0.45119549263091313,1.4240378882913363,0.21263753374417624,1.3826263000567753,-0.5634285977908543,1.265255620880496,-0.271672221299793,2.2833507046813057,-0.457045212920223,-0.4477421862206289,-1.4047626994905018,0.8490962010054361,-0.18834603542373293,1.2465532535598391,-0.7920447772457486,0,0,0,0,0,0,0,0,0,0,0,0,0,0,1,0,0,0,0,0
0.4.26,0xb5e1b1ee15c6fa0e48fce100125569d430f1bd12&Deposit&reentrancy,0.020016850820228235,0.2685488796056206,-0.8442346807291259,-0.9283435688312374,0.35432679200572753,0.047820244915783405,1.5618217946099702,0.0853939719720563,0.8493493948646113,-0.6619770019801695,0.20007909316597366,-0.0437853943014434,1.5490796389197237,-0.6426792470321282,-0.7712583382780761,-0.7598211342719063,1.4025956850443313,-0.17060754367553477,1.0266816423121672,-0.04743753151217504,1,0,0,0,1,0,0,0,0,0,0,0,0,0,1,1,0,1,1,0
0.4.26,0xb5e1b1ee15c6fa0e48fce100125569d430f1bd12&CashOut&reentrancy,-0.002571566131981936,0.1793285991657864,-0.6736923698674548,-0.9193378433585166,0.5519011684100736,0.003209007861600681,1.5289860962805424,0.2923061684112657,0.9357734247661111,-0.6414880435575139,0.3965166330210526,-0.05830230525356125,1.6459287596019831,-0.48745299481194126,-0.8325022177474404,-0.709040506048636,1.590011275085536,-0.21760219388048757,0.9710983122614297,-0.050114685161547226,1,0,0,1,1,0,0,0,0,1,1,0,0,0,1,1,0,1,0,1
0.4.26,0xb5e1b1ee15c6fa0e48fce100125569d430f1bd12&AddMessage&reentrancy,0.8483892966594014,0.47877278303106624,-1.1765609201309937,-1.0942610990078676,-0.03847817859301964,0.350230899151592,1.3343165796693592,0.1876499406727297,0.6182543343470787,-0.35294220472375554,0.4481594001464102,-0.13379996146319345,1.6352464349142142,-0.8281987872019055,-0.41914843687499387,-0.7201024907685462,1.2261697765262354,0.013666063147996153,1.199792875963751,-0.5893674253353051,0,0,0,0,0,0,0,0,0,0,0,0,0,0,1,0,0,0,0,0
0.4.26,0xb93430ce38ac4a6bb47fb1fc085ea669353fd89e&PrivateBank&reentrancy,1.6987546568825131,0.3403453954628536,-0.9062763409955161,-0.7382527334349496,-0.15662605421883719,0.45119549263091313,1.4240378882913363,0.21263753374417624,1.3826263000567753,-0.5634285977908543,1.265255620880496,-0.271672221299793,2.2833507046813057,-0.457045212920223,-0.4477421862206289,-1.4047626994905018,0.8490962010054361,-0.18834603542373293,1.2465532535598391,-0.7920447772457486,0,0,0,0,0,0,0,0,0,0,0,0,0,0,1,0,0,0,0,0
0.4.26,0xb93430ce38ac4a6bb47fb1fc085ea669353fd89e&Deposit&reentrancy,-0.015149147194974562,0.31200210443314386,-0.778565635356833,-0.9575483214986675,0.29844841454178095,0.11075292286627433,1.5854287579765214,0.054420020157361734,0.8333158381077844,-0.6308208725908223,0.1962612077854026,-0.06732953313108095,1.5062043895835386,-0.6080788124955314,-0.7837494384867194,-0.7163890850018052,1.380884153439718,-0.1363043714698185,1.0280484912971801,0.004105434040812885,1,0,0,0,1,0,0,0,0,0,0,0,0,0,1,1,0,1,1,0
0.4.26,0xb93430ce38ac4a6bb47fb1fc085ea669353fd89e&CashOut&reentrancy,-0.002571566131981936,0.1793285991657864,-0.6736923698674548,-0.9193378433585166,0.5519011684100736,0.003209007861600681,1.5289860962805424,0.2923061684112657,0.9357734247661111,-0.6414880435575139,0.3965166330210526,-0.05830230525356125,1.6459287596019831,-0.48745299481194126,-0.8325022177474404,-0.709040506048636,1.590011275085536,-0.21760219388048757,0.9710983122614297,-0.050114685161547226,1,0,0,1,1,0,0,0,0,1,1,0,0,0,1,1,0,1,0,1
0.4.26,0xb93430ce38ac4a6bb47fb1fc085ea669353fd89e&AddMessage&reentrancy,0.8483892966594014,0.47877278303106624,-1.1765609201309937,-1.0942610990078676,-0.03847817859301964,0.350230899151592,1.3343165796693592,0.1876499406727297,0.6182543343470787,-0.35294220472375554,0.4481594001464102,-0.13379996146319345,1.6352464349142142,-0.8281987872019055,-0.41914843687499387,-0.7201024907685462,1.2261697765262354,0.013666063147996153,1.199792875963751,-0.5893674253353051,0,0,0,0,0,0,0,0,0,0,0,0,0,0,1,0,0,0,0,0
0.4.26,0xbaf51e761510c1a11bf48dd87c0307ac8a8c8a4f&ETH_VAULT&reentrancy,1.6987546568825131,0.3403453954628536,-0.9062763409955161,-0.7382527334349496,-0.15662605421883719,0.45119549263091313,1.4240378882913363,0.21263753374417624,1.3826263000567753,-0.5634285977908543,1.265255620880496,-0.271672221299793,2.2833507046813057,-0.457045212920223,-0.4477421862206289,-1.4047626994905018,0.8490962010054361,-0.18834603542373293,1.2465532535598391,-0.7920447772457486,0,0,0,0,0,0,0,0,0,0,0,0,0,0,1,0,0,0,0,0
0.4.26,0xbaf51e761510c1a11bf48dd87c0307ac8a8c8a4f&Deposit&reentrancy,0.020016850820228235,0.2685488796056206,-0.8442346807291259,-0.9283435688312374,0.35432679200572753,0.047820244915783405,1.5618217946099702,0.0853939719720563,0.8493493948646113,-0.6619770019801695,0.20007909316597366,-0.0437853943014434,1.5490796389197237,-0.6426792470321282,-0.7712583382780761,-0.7598211342719063,1.4025956850443313,-0.17060754367553477,1.0266816423121672,-0.04743753151217504,1,0,0,0,1,0,0,0,0,0,0,0,0,0,1,1,0,1,1,0
0.4.26,0xbaf51e761510c1a11bf48dd87c0307ac8a8c8a4f&CashOut&reentrancy,-0.002571566131981936,0.1793285991657864,-0.6736923698674548,-0.9193378433585166,0.5519011684100736,0.003209007861600681,1.5289860962805424,0.2923061684112657,0.9357734247661111,-0.6414880435575139,0.3965166330210526,-0.05830230525356125,1.6459287596019831,-0.48745299481194126,-0.8325022177474404,-0.709040506048636,1.590011275085536,-0.21760219388048757,0.9710983122614297,-0.050114685161547226,1,0,0,1,1,0,0,0,0,1,1,0,0,0,1,1,0,1,0,1
0.4.26,0xbaf51e761510c1a11bf48dd87c0307ac8a8c8a4f&AddMessage&reentrancy,0.8483892966594014,0.47877278303106624,-1.1765609201309937,-1.0942610990078676,-0.03847817859301964,0.350230899151592,1.3343165796693592,0.1876499406727297,0.6182543343470787,-0.35294220472375554,0.4481594001464102,-0.13379996146319345,1.6352464349142142,-0.8281987872019055,-0.41914843687499387,-0.7201024907685462,1.2261697765262354,0.013666063147996153,1.199792875963751,-0.5893674253353051,0,0,0,0,0,0,0,0,0,0,0,0,0,0,1,0,0,0,0,0
0.4.26,0xbe4041d55db380c5ae9d4a9b9703f1ed4e7e3888&SetMinSum&reentrancy,0.6026263572275639,1.2215163220961889,-0.27856538941462833,-0.6878945287317038,-0.26524642917017144,0.8024444793661435,0.997996215770642,0.32518818899989127,0.503728258361419,-0.7294189617037773,0.32422104755726955,-0.722227733504648,1.0154502446452776,-0.1466661339625716,-1.3324612023153652,-1.9471903443336487,1.0817807964980601,-0.025174046866595745,0.9564112448133528,0.15460212032000223,0,0,0,0,0,0,0,0,0,0,0,0,0,0,1,1,0,0,0,0
0.4.26,0xbe4041d55db380c5ae9d4a9b9703f1ed4e7e3888&SetLogFile&reentrancy,0.938394956390063,1.0397259163856507,-0.3909183192253113,-0.6686657628417015,-0.25260616809129716,0.7860078279177348,1.058200006087621,0.3219553126891454,0.7441164155801138,-0.6957263267040252,0.6027368317668637,-0.649435679204762,1.293660392363866,-0.14949021324515344,-1.2316495322808623,-1.955627195040385,1.0374804838498433,-0.0844586802025636,1.060015743051966,-0.048270852963129676,0,0,0,0,0,0,0,0,0,0,0,0,0,0,1,1,0,0,0,0
0.4.26,0xbe4041d55db380c5ae9d4a9b9703f1ed4e7e3888&Initialized&reentrancy,1.4697444651808058,0.6675874789555868,-0.5462390056678227,-0.770638861826488,-0.18588233668179738,0.5555322581813449,1.446218718020689,0.1475172064134053,1.3167981668597175,-0.45934501148405527,1.2459350278423655,-0.5480771144142463,2.0485354250385646,-0.37159017845988274,-0.7004110114648938,-1.3465509897186643,0.674448909504073,-0.10279216794740587,1.1435808157991796,-0.11483097927910942,0,0,0,0,0,0,0,0,0,0,0,0,0,0,1,0,0,0,0,0
0.4.26,0xbe4041d55db380c5ae9d4a9b9703f1ed4e7e3888&Put&reentrancy,0.0923366298016749,0.2917306645920402,-0.6835813089420921,-1.0407841565969744,0.30752482849516366,0.05005883008339687,1.6385037681381953,0.1737001265350141,0.965725347149725,-0.742223144675556,0.2600199397016121,-0.030301883708881705,1.4823297942939557,-0.7216960921099311,-0.7324643626760103,-0.6895885853390945,1.3311369753981892,0.10181257671823626,1.123320359119067,-0.18242883917532468,1,0,0,0,1,0,0,0,0,0,0,0,0,0,1,1,0,1,1,0
0.4.26,0xbe4041d55db380c5ae9d4a9b9703f1ed4e7e3888&Collect&reentrancy,-0.13107166391226552,0.46730331908310613,-0.35747200983666605,-0.9410119297042969,0.4377319571231642,0.2487681447903836,1.5247201117416542,0.24499743272580446,0.8384739155392914,-0.5764559615523585,0.36211485256846515,-0.1577410576076457,1.3824114591003425,-0.4427530250752405,-1.0151161466191914,-0.6553277724212215,1.2386748748681238,-0.07143677937828245,0.9110867147814603,0.31701119820917806,1,0,0,1,1,0,0,0,0,1,1,0,0,0,1,1,0,1,0,1
0.4.26,0xbe4041d55db380c5ae9d4a9b9703f1ed4e7e3888&fallback&reentrancy,0.47523111999034884,2.094716453552246,-0.623871199041605,-1.140234512090683,0.1622763156890869,0.35837875604629515,1.5098484992980956,-0.2250283479690552,-0.059605580568313596,-0.3874727964401245,-0.7234024733304978,-0.5661892333999277,0.5532455205917358,-0.905325723439455,-1.1258893609046936,-1.394146168231964,0.8122344970703125,0.04353293478488922,1.1176138639450073,1.1226603865623475,0,0,0,0,0,0,0,0,0,0,0,0,0,0,1,0,0,0,0,0
0.4.26,0xbe4041d55db380c5ae9d4a9b9703f1ed4e7e3888&AddMessage&reentrancy,0.8483892966594014,0.47877278303106624,-1.1765609201309937,-1.0942610990078676,-0.03847817859301964,0.350230899151592,1.3343165796693592,0.1876499406727297,0.6182543343470787,-0.35294220472375554,0.4481594001464102,-0.13379996146319345,1.6352464349142142,-0.8281987872019055,-0.41914843687499387,-0.7201024907685462,1.2261697765262354,0.013666063147996153,1.199792875963751,-0.5893674253353051,0,0,0,0,0,0,0,0,0,0,0,0,0,0,1,0,0,0,0,0
0.4.26,0xcead721ef5b11f1a7b530171aab69b16c5e66b6e&Put&reentrancy,0.07893841880924847,0.5040280011539556,-0.5598775676774735,-0.9820194616153533,0.30308661404616977,-0.006961318778292257,1.6071072076352275,-0.04225861208931524,0.8161269587379101,-0.697074794647645,0.15395302017105325,-0.056218547779800634,1.3961021366472146,-0.8036217726196866,-0.7032556768687328,-0.7036179167275526,1.2016884625262143,0.10348510622446026,1.046150297857821,0.04664238070955082,1,0,0,0,1,0,0,0,0,0,0,0,0,0,1,1,0,1,1,0
0.4.26,0xcead721ef5b11f1a7b530171aab69b16c5e66b6e&Collect&reentrancy,-0.13107166391226552,0.46730331908310613,-0.35747200983666605,-0.9410119297042969,0.4377319571231642,0.2487681447903836,1.5247201117416542,0.24499743272580446,0.8384739155392914,-0.5764559615523585,0.36211485256846515,-0.1577410576076457,1.3824114591003425,-0.4427530250752405,-1.0151161466191914,-0.6553277724212215,1.2386748748681238,-0.07143677937828245,0.9110867147814603,0.31701119820917806,1,0,0,1,1,0,0,0,0,1,1,0,0,0,1,1,0,1,0,1
0.4.26,0xcead721ef5b11f1a7b530171aab69b16c5e66b6e&fallback&reentrancy,0.47523111999034884,2.094716453552246,-0.623871199041605,-1.140234512090683,0.1622763156890869,0.35837875604629515,1.5098484992980956,-0.2250283479690552,-0.059605580568313596,-0.3874727964401245,-0.7234024733304978,-0.5661892333999277,0.5532455205917358,-0.905325723439455,-1.1258893609046936,-1.394146168231964,0.8122344970703125,0.04353293478488922,1.1176138639450073,1.1226603865623475,0,0,0,0,0,0,0,0,0,0,0,0,0,0,1,0,0,0,0,0
0.4.26,0xcead721ef5b11f1a7b530171aab69b16c5e66b6e&WALLET&reentrancy,0.4472865025118853,0.0660971082173861,-1.198175785973525,-1.0520167739058917,0.02516653431722751,0.07445534954044539,1.359654627023981,-0.10656094106917198,0.6680134253468938,-0.17627230648381206,0.5253689438462831,-0.11504870334353584,1.7295001057478099,-1.0784843330486462,-0.3129787207581103,-0.1851631921196643,1.039171691554097,-0.3543611933978704,1.3353905058824098,-0.3540856778048552,0,0,0,0,0,0,0,0,0,0,0,0,0,0,1,0,0,0,0,0
0.4.26,0xcead721ef5b11f1a7b530171aab69b16c5e66b6e&AddMessage&reentrancy,0.8483892966594014,0.47877278303106624,-1.1765609201309937,-1.0942610990078676,-0.03847817859301964,0.350230899151592,1.3343165796693592,0.1876499406727297,0.6182543343470787,-0.35294220472375554,0.4481594001464102,-0.13379996146319345,1.6352464349142142,-0.8281987872019055,-0.41914843687499387,-0.7201024907685462,1.2261697765262354,0.013666063147996153,1.199792875963751,-0.5893674253353051,0,0,0,0,0,0,0,0,0,0,0,0,0,0,1,0,0,0,0,0
0.4.26,0xf015c35649c82f5467c9c74b7f28ee67665aad68&Put&reentrancy,0.07893841880924847,0.5040280011539556,-0.5598775676774735,-0.9820194616153533,0.30308661404616977,-0.006961318778292257,1.6071072076352275,-0.04225861208931524,0.8161269587379101,-0.697074794647645,0.15395302017105325,-0.056218547779800634,1.3961021366472146,-0.8036217726196866,-0.7032556768687328,-0.7036179167275526,1.2016884625262143,0.10348510622446026,1.046150297857821,0.04664238070955082,1,0,0,0,1,0,0,0,0,0,0,0,0,0,1,1,0,1,1,0
0.4.26,0xf015c35649c82f5467c9c74b7f28ee67665aad68&Collect&reentrancy,-0.13107166391226552,0.46730331908310613,-0.35747200983666605,-0.9410119297042969,0.4377319571231642,0.2487681447903836,1.5247201117416542,0.24499743272580446,0.8384739155392914,-0.5764559615523585,0.36211485256846515,-0.1577410576076457,1.3824114591003425,-0.4427530250752405,-1.0151161466191914,-0.6553277724212215,1.2386748748681238,-0.07143677937828245,0.9110867147814603,0.31701119820917806,1,0,0,1,1,0,0,0,0,1,1,0,0,0,1,1,0,1,0,1
0.4.26,0xf015c35649c82f5467c9c74b7f28ee67665aad68&fallback&reentrancy,0.47523111999034884,2.094716453552246,-0.623871199041605,-1.140234512090683,0.1622763156890869,0.35837875604629515,1.5098484992980956,-0.2250283479690552,-0.059605580568313596,-0.3874727964401245,-0.7234024733304978,-0.5661892333999277,0.5532455205917358,-0.905325723439455,-1.1258893609046936,-1.394146168231964,0.8122344970703125,0.04353293478488922,1.1176138639450073,1.1226603865623475,0,0,0,0,0,0,0,0,0,0,0,0,0,0,1,0,0,0,0,0
0.4.26,0xf015c35649c82f5467c9c74b7f28ee67665aad68&MY_BANK&reentrancy,0.4472865025118853,0.0660971082173861,-1.198175785973525,-1.0520167739058917,0.02516653431722751,0.07445534954044539,1.359654627023981,-0.10656094106917198,0.6680134253468938,-0.17627230648381206,0.5253689438462831,-0.11504870334353584,1.7295001057478099,-1.0784843330486462,-0.3129787207581103,-0.1851631921196643,1.039171691554097,-0.3543611933978704,1.3353905058824098,-0.3540856778048552,0,0,0,0,0,0,0,0,0,0,0,0,0,0,1,0,0,0,0,0
0.4.26,0xf015c35649c82f5467c9c74b7f28ee67665aad68&AddMessage&reentrancy,0.8483892966594014,0.47877278303106624,-1.1765609201309937,-1.0942610990078676,-0.03847817859301964,0.350230899151592,1.3343165796693592,0.1876499406727297,0.6182543343470787,-0.35294220472375554,0.4481594001464102,-0.13379996146319345,1.6352464349142142,-0.8281987872019055,-0.41914843687499387,-0.7201024907685462,1.2261697765262354,0.013666063147996153,1.199792875963751,-0.5893674253353051,0,0,0,0,0,0,0,0,0,0,0,0,0,0,1,0,0,0,0,0
0.4.26,etherbank&getBalance&reentrancy,0.09282296835570722,0.05895763675908785,-1.4386606869866718,-1.0882072051030558,0.015651143281846434,-0.03867895216555209,1.2162401916811596,-0.14216093920372627,0.01013586384470801,-0.07650085961496508,-0.041037234666480404,-0.07361854906068058,1.1706723689630225,-1.2672099779687218,-0.34182368917390704,0.17321734774757075,1.2718148439921237,-0.31017372596102794,1.0031215598857082,-0.2262930322337795,0,0,0,0,0,0,0,0,0,0,0,0,0,0,1,0,0,0,0,0
0.4.26,etherbank&addToBalance&reentrancy,0.08520943689637067,0.5985926956665225,-1.1724073118189486,-0.9182603995247585,0.047888785237219275,0.08945747919198943,1.4414204070117416,-0.21455753140333222,0.30136921093231295,-0.6639815946904625,-0.30099129417865744,-0.008874746334807174,1.2838883170994317,-1.1169924222659775,-0.4547315011391552,-0.7801648901730049,0.886450370273939,-0.13445248218571268,0.9338020907669533,-0.18180951839540063,0,0,0,0,1,0,0,0,0,0,0,0,0,0,1,0,0,1,1,0
0.4.26,etherbank&withdrawBalance&reentrancy,-0.24713907979585073,0.2816349195016848,-0.48729711734539977,-0.7674123040446035,0.6177462036167825,0.0628896307695162,1.377523541919418,0.207274161956527,0.7404990863589036,-0.5239958221262152,0.24474695350297473,-0.22040492930560263,1.3948944613233314,-0.4125444427966238,-0.715404514763895,-0.5521118930586568,1.2179634903485959,-0.29411217174329957,0.9127458922460779,0.3969172687380464,1,0,0,1,0,0,0,0,0,1,1,0,0,0,1,1,0,1,0,1
0.4.26,etherstore&depositFunds&reentrancy,0.23934641212989122,0.6706996093957852,-1.0842336922501907,-0.9451958596324309,0.10769272710268314,0.1378392898119413,1.4111048474143713,-0.005113221896000397,0.358625502540515,-0.7197412313559116,-0.19874507871766886,0.01694984796146552,1.316138037886375,-0.9695187721114892,-0.5871715756276479,-0.9778786034156115,1.034384201352413,-0.048572023709615074,0.8937700994503803,-0.3733567603123494,0,0,0,0,1,0,0,0,0,0,0,0,0,0,1,0,0,1,1,0
0.4.26,etherstore&withdrawFunds&reentrancy,0.1428782201160199,0.5441340990167446,-0.582584051740548,-0.9175750817019472,0.3057134639097269,0.2449823835490163,1.4979604235874913,0.17548773153906777,0.6326065791829948,-0.7614341575317282,0.16617416685555506,-0.17372767686863583,1.2652379779746292,-0.4909644753884071,-1.0349115347785374,-1.0222508609294891,1.2562044764716158,0.0549797195763815,0.9180132683918432,0.06836444612533327,1,0,0,1,1,0,0,0,0,1,1,0,0,0,1,1,0,1,0,1
0.4.26,modifier_reentrancy&airDrop&reentrancy,-0.0675948758200171,0.43089143140016545,-0.9218262800775864,-0.9086362706218365,0.32945044155138126,0.0806059286646221,1.274330761121667,-0.134945640673384,0.3909957576025691,-0.41869332508188517,0.08740078521091581,-0.15351867391885335,1.2223728291222438,-0.7846188852788457,-0.6213006615134828,-0.41447309091471246,1.125969060521195,-0.264485918165405,0.9556092860150165,0.22615266681293358,1,0,0,0,1,0,0,0,1,0,0,0,0,0,1,1,1,1,0,1
0.4.26,modifier_reentrancy&supportsToken&reentrancy,-0.1705489521517473,0.04325384041842292,-1.373813153452733,-1.0994954981348093,0.3853897054405773,-0.18863454794182496,1.163760556280613,-0.3108036630293902,0.2534959436065572,-0.08644511629553402,0.17139082921340185,-0.05583507338648333,1.3188379741766874,-1.2631256655296859,-0.3396172693766215,0.33978762170847726,1.2608248093548944,-0.4848893777412527,1.1451998354757533,0.10224062905592077,0,0,0,0,0,0,0,0,0,0,0,0,0,0,1,0,0,0,0,0
0.4.26,modifier_reentrancy&supportsToken&reentrancy,0.0825420112451377,0.32868507797318386,-0.9076185979681208,-0.9156884618663375,0.24426655811553746,0.12746667801644762,1.2236812700425959,-0.04814464077784147,0.5722775668729463,-0.2790552739463101,0.4145614079689618,-0.28052141727352076,1.4125624652198285,-0.7852974195097913,-0.6164964853457546,-0.3063570514235193,1.2172690403427002,-0.3890427585712747,1.0344554600171272,0.25047001828348014,1,0,0,0,0,0,0,0,0,0,0,0,0,0,1,1,0,1,0,0
0.4.26,modifier_reentrancy&call&reentrancy,-0.22070317912627668,0.07524196584435071,-1.1523189966512077,-0.8961938169291791,0.19761552026166634,-0.014438704971004935,1.2421918645062868,-0.20151312956038644,0.12103077677516814,0.03830936112824608,0.01728789249489851,-0.20738356015371048,1.110844562378,-0.9847836666466558,-0.13761324319057167,0.5331780958701583,0.967271934646894,-0.4412740219165297,0.8983818702947568,0.4196434086736511,1,0,0,0,0,0,0,0,0,0,0,0,0,0,1,0,0,0,0,0
0.4.26,modifier_reentrancy_fixed&constructor&reentrancy,0.7554684301485887,0.5305682227418229,-1.0478347351623547,-0.8762642618369412,0.03625908171808397,0.3325547652470099,1.2661155009189167,-0.28746665163418733,0.6692181849424299,-0.1196572804773176,0.5214462705661316,-0.381909275351948,1.724555202835315,-0.7841881637436312,-0.36865159672861164,-0.6606419984553311,0.7480107815684499,-0.37658287947242325,1.119404992189359,0.14365660097147967,0,0,0,0,0,0,0,0,0,0,0,0,0,0,1,0,0,0,0,0
0.4.26,modifier_reentrancy_fixed&airDrop&reentrancy,0.0017837911569577758,0.46105861038930956,-0.9326773703029628,-0.9060810452438719,0.28534846766615796,0.13111240310328348,1.2315842833730481,-0.11602467329408717,0.3893033509949557,-0.38766332293435724,0.1069745363427266,-0.16664176811528508,1.2220131802256755,-0.7702317989263942,-0.6369191747424858,-0.48172452716234093,1.1349573855713215,-0.25833730789304876,0.9632913474216714,0.18497413685244898,1,0,0,0,1,0,0,0,1,0,0,0,0,0,1,1,1,1,0,0
0.4.26,modifier_reentrancy_fixed&supportsToken&reentrancy,-0.1705489521517473,0.04325384041842292,-1.373813153452733,-1.0994954981348093,0.3853897054405773,-0.18863454794182496,1.163760556280613,-0.3108036630293902,0.2534959436065572,-0.08644511629553402,0.17139082921340185,-0.05583507338648333,1.3188379741766874,-1.2631256655296859,-0.3396172693766215,0.33978762170847726,1.2608248093548944,-0.4848893777412527,1.1451998354757533,0.10224062905592077,0,0,0,0,0,0,0,0,0,0,0,0,0,0,1,0,0,0,0,0
0.4.26,reentrance&donate&reentrancy,0.25400282947286484,0.2510251042342955,-1.4707358942156838,-1.1009298641114467,-0.13091287341329358,0.05784771471254287,1.315309289842844,-0.0928152919776978,0.02202617665452342,-0.19904186071888094,-0.11958931189691348,-0.09128399055090643,1.186248742043972,-1.2865326551179732,-0.2910250566389051,-0.02833899711408923,1.0016213019769038,-0.20239793629415573,0.9460147090496556,-0.3561532646417618,0,0,0,0,1,0,0,0,0,0,0,0,0,0,1,0,0,0,1,0
0.4.26,reentrance&balanceOf&reentrancy,0.09282296835570722,0.05895763675908785,-1.4386606869866718,-1.0882072051030558,0.015651143281846434,-0.03867895216555209,1.2162401916811596,-0.14216093920372627,0.01013586384470801,-0.07650085961496508,-0.041037234666480404,-0.07361854906068058,1.1706723689630225,-1.2672099779687218,-0.34182368917390704,0.17321734774757075,1.2718148439921237,-0.31017372596102794,1.0031215598857082,-0.2262930322337795,0,0,0,0,0,0,0,0,0,0,0,0,0,0,1,0,0,0,0,0
0.4.26,reentrance&withdraw&reentrancy,0.009305858630922776,0.20728288836117031,-0.8401363624519185,-0.915529929337245,0.4097896811988535,0.03768627854842174,1.407293166870935,0.14145385954953446,0.5518726414729711,-0.39301238256164744,0.1761147505780564,0.003068108117514396,1.402328761318062,-0.7478450594021927,-0.6780803156898746,-0.36807213459588306,1.3253470170252686,-0.2179827255350125,0.9020381485453889,-0.005289039468463463,1,0,0,1,1,0,0,0,0,1,1,0,0,0,1,1,0,1,0,1
0.4.26,reentrancy_bonus&withdrawReward&reentrancy,-0.08473162484817764,0.07934026916821797,-1.03956769928843,-1.0108869578562627,0.3234082223708127,-0.0013886990190363254,1.3369302115067332,0.009121724233335378,0.42736821176902373,-0.17472777682907728,0.16577635284158446,-0.11860538090953007,1.3874419414672723,-0.9075471753520625,-0.3498261715824,0.007155244650483943,1.1658708927075878,-0.29532883493673234,1.0334332184169164,0.03779374681362489,1,0,0,0,0,0,0,0,0,1,1,0,0,0,1,1,0,0,0,1
0.4.26,reentrancy_bonus&getFirstWithdrawalBonus&reentrancy,0.5302836931207113,0.47001529091762173,-1.0512608531603798,-1.015503295386831,-0.027918486545483272,0.2471555552134911,1.4241166246744494,0.08709878360645638,0.5762493841143118,-0.5764489776144425,0.26605836307862774,-0.21033478856811094,1.443106864579022,-0.7709492209574415,-0.7277003077647856,-0.9432010354681147,1.2233389410604205,-0.08995230990048084,1.0427259653418635,-0.3396020097037156,0,0,0,0,1,0,0,0,0,0,0,0,0,0,1,1,0,0,0,0
0.4.26,reentrancy_cross_function&transfer&reentrancy,0.31046125378198686,0.34307383826583815,-1.0858481433835758,-1.0670520150262839,0.04770370112482909,0.14683024575755854,1.4794202838448962,0.09158629767454354,0.46093646147448547,-0.5927395262535969,0.12290171876098889,0.0044338395759748045,1.3788683141113087,-0.8939523269321509,-0.7721826274742841,-0.7066646611234945,1.3668111423208456,-0.040074325670861895,0.9368543276076864,-0.44813014899089837,0,0,0,0,1,0,0,0,0,0,0,0,0,0,1,1,0,1,0,0
0.4.26,reentrancy_cross_function&withdrawBalance&reentrancy,-0.13430125122108766,0.16877117344448644,-0.8010643567409246,-0.8838670228517824,0.5256593706266534,-0.04965553000088661,1.3780193692974505,0.13668012246489525,0.6137558114414494,-0.3954293131828308,0.16094798551151349,-0.06613913662130794,1.4609007479683045,-0.7605421642862982,-0.511987311149677,-0.32654966966759774,1.2935366321715616,-0.28508045211915045,1.0285716218152834,0.10452822836176041,1,0,0,1,0,0,0,0,0,1,1,0,0,0,1,1,0,1,0,1
0.4.26,reentrancy_dao&withdrawAll&reentrancy,-0.05274098227589817,0.5699887616654574,-0.6004611756968297,-0.8790623073355627,0.3880787595348843,0.1294756867465074,1.463123633194778,0.05397920462034517,0.5728101007782428,-0.6098782667669199,0.13577644278342693,-0.1374722595752801,1.3847583057516712,-0.6301908307408882,-0.796377428231161,-0.7828147469435708,1.122410242587833,-0.12302823996139785,0.838858577217591,0.23336892032017142,1,0,0,1,1,0,0,0,0,1,1,0,0,0,1,1,0,1,0,1
0.4.26,reentrancy_dao&deposit&reentrancy,0.13420646230004868,0.5354388041316338,-1.164520356593267,-0.9786412561277174,0.06216776160136709,0.10975782601338513,1.4397133429938893,-0.08150608078488764,0.33307066166175986,-0.6190844065738175,-0.1942085907355232,-0.029811471929105948,1.3555078135346466,-1.1466283973236129,-0.4135531583836056,-0.6228064714737658,0.9037721578804951,-0.08190889993928513,0.9578765793791357,-0.2591846354727475,0,0,0,0,1,0,0,0,0,0,0,0,0,0,1,0,0,1,1,0
0.4.26,reentrancy_insecure&withdrawBalance&reentrancy,-0.13430125122108766,0.16877117344448644,-0.8010643567409246,-0.8838670228517824,0.5256593706266534,-0.04965553000088661,1.3780193692974505,0.13668012246489525,0.6137558114414494,-0.3954293131828308,0.16094798551151349,-0.06613913662130794,1.4609007479683045,-0.7605421642862982,-0.511987311149677,-0.32654966966759774,1.2935366321715616,-0.28508045211915045,1.0285716218152834,0.10452822836176041,1,0,0,1,0,0,0,0,0,1,1,0,0,0,1,1,0,1,0,1
0.4.26,reentrancy_simple&getBalance&reentrancy,0.09282296835570722,0.05895763675908785,-1.4386606869866718,-1.0882072051030558,0.015651143281846434,-0.03867895216555209,1.2162401916811596,-0.14216093920372627,0.01013586384470801,-0.07650085961496508,-0.041037234666480404,-0.07361854906068058,1.1706723689630225,-1.2672099779687218,-0.34182368917390704,0.17321734774757075,1.2718148439921237,-0.31017372596102794,1.0031215598857082,-0.2262930322337795,0,0,0,0,0,0,0,0,0,0,0,0,0,0,1,0,0,0,0,0
0.4.26,reentrancy_simple&addToBalance&reentrancy,0.2180923288449263,0.6260214639015687,-1.0844113706396177,-0.952024788237535,0.09641945705964015,0.11430680369719481,1.4289030602727182,-0.016477700991508287,0.368709928332231,-0.7274316839682751,-0.1756879904617866,0.007179602622412718,1.325993693409822,-0.9955617169348093,-0.5653287910211545,-0.9111124926652664,1.0386447199644187,-0.05848305615094992,0.9103944278680361,-0.36968093040661937,0,0,0,0,1,0,0,0,0,0,0,0,0,0,1,0,0,1,1,0
0.4.26,reentrancy_simple&withdrawBalance&reentrancy,-0.01699099461397817,0.29221106200448926,-0.6795862430646535,-0.8160392568116227,0.5629433019146803,0.07476253302827958,1.4404993113731184,0.30049768234452895,0.8297409313851066,-0.7289219628418645,0.23425722104166785,-0.058230420634631186,1.5312077895768228,-0.45987181004977995,-0.8408115922563499,-0.9094245508313179,1.4123628276490396,-0.22939037026897555,0.8884297684435883,-0.046460047604576234,1,0,0,1,0,0,0,0,0,1,1,0,0,0,1,1,0,1,0,1
0.4.26,simple_dao&donate&reentrancy,0.25400282947286484,0.2510251042342955,-1.4707358942156838,-1.1009298641114467,-0.13091287341329358,0.05784771471254287,1.315309289842844,-0.0928152919776978,0.02202617665452342,-0.19904186071888094,-0.11958931189691348,-0.09128399055090643,1.186248742043972,-1.2865326551179732,-0.2910250566389051,-0.02833899711408923,1.0016213019769038,-0.20239793629415573,0.9460147090496556,-0.3561532646417618,0,0,0,0,1,0,0,0,0,0,0,0,0,0,1,0,0,0,1,0
0.4.26,simple_dao&withdraw&reentrancy,0.07884775654419318,0.41110358184034174,-0.7715789238577122,-0.9476523387890595,0.2507178833434632,0.16257307537785776,1.4633358025050665,0.1234986570540008,0.5259524995226648,-0.5758880831144907,0.1530532058966639,-0.10165548559695066,1.3159214143569653,-0.6676297493383184,-0.8619132284661168,-0.6745094100495318,1.2670526668637783,-0.11340150414230106,0.8739636322366191,-0.013341719245577192,1,0,0,1,1,0,0,0,0,1,1,0,0,0,1,1,0,1,0,1
0.4.26,simple_dao&queryCredit&reentrancy,0.09282296835570722,0.05895763675908785,-1.4386606869866718,-1.0882072051030558,0.015651143281846434,-0.03867895216555209,1.2162401916811596,-0.14216093920372627,0.01013586384470801,-0.07650085961496508,-0.041037234666480404,-0.07361854906068058,1.1706723689630225,-1.2672099779687218,-0.34182368917390704,0.17321734774757075,1.2718148439921237,-0.31017372596102794,1.0031215598857082,-0.2262930322337795,0,0,0,0,0,0,0,0,0,0,0,0,0,0,1,0,0,0,0,0
0.4.26,simple_dao_fixed&donate&reentrancy,0.25400282947286484,0.2510251042342955,-1.4707358942156838,-1.1009298641114467,-0.13091287341329358,0.05784771471254287,1.315309289842844,-0.0928152919776978,0.02202617665452342,-0.19904186071888094,-0.11958931189691348,-0.09128399055090643,1.186248742043972,-1.2865326551179732,-0.2910250566389051,-0.02833899711408923,1.0016213019769038,-0.20239793629415573,0.9460147090496556,-0.3561532646417618,0,0,0,0,1,0,0,0,0,0,0,0,0,0,1,0,0,0,1,0
0.4.26,simple_dao_fixed&withdraw&reentrancy,0.07884775654419318,0.41110358184034174,-0.7715789238577122,-0.9476523387890595,0.2507178833434632,0.16257307537785776,1.4633358025050665,0.1234986570540008,0.5259524995226648,-0.5758880831144907,0.1530532058966639,-0.10165548559695066,1.3159214143569653,-0.6676297493383184,-0.8619132284661168,-0.6745094100495318,1.2670526668637783,-0.11340150414230106,0.8739636322366191,-0.013341719245577192,1,0,0,0,1,0,0,0,0,1,1,0,0,0,1,1,0,1,0,0
0.4.26,simple_dao_fixed&queryCredit&reentrancy,0.09282296835570722,0.05895763675908785,-1.4386606869866718,-1.0882072051030558,0.015651143281846434,-0.03867895216555209,1.2162401916811596,-0.14216093920372627,0.01013586384470801,-0.07650085961496508,-0.041037234666480404,-0.07361854906068058,1.1706723689630225,-1.2672099779687218,-0.34182368917390704,0.17321734774757075,1.2718148439921237,-0.31017372596102794,1.0031215598857082,-0.2262930322337795,0,0,0,0,0,0,0,0,0,0,0,0,0,0,1,0,0,0,0,0
0.4.26,spank_chain_payment&recoverSigner&reentrancy,0.06421041273332517,0.3689231909469727,-1.0138380953854105,-1.087223338646763,0.23475400614765807,0.03753757719035952,1.3823237013960377,-0.05352161081354006,0.5247399408269862,-0.2735920715222665,0.2685385273359374,-0.17986107605013893,1.3011755394416118,-0.8257761242790916,-0.6219401689451358,-0.23058517769389197,1.2118788632743676,-0.23995110480576207,1.0292639361711544,0.14191157240933233,1,0,0,0,1,0,0,0,0,0,0,0,0,1,1,1,0,0,0,0
0.4.26,spank_chain_payment&isSignedBy&reentrancy,0.1673785535232076,0.22286929536915426,-1.2798471711107395,-1.1419907090892583,-0.18227047698115403,0.10866462106599747,1.207493151977377,-0.12845589989011394,0.08993623060988462,0.09319354659356412,0.09429306075937531,-0.266560194861589,0.9915396605835021,-1.0997649522603683,-0.3704999104060186,0.24917147294530329,1.2179177135416546,-0.21389821806699974,1.041848682464575,0.031645683934853515,0,0,0,0,0,0,0,0,0,0,0,0,0,0,1,1,0,0,0,0
0.4.26,spank_chain_payment&hexstrToBytes&reentrancy,-0.051568053016379546,0.6083160452374584,-0.7362047205232594,-1.1926391219388541,-0.03463950959038517,0.1959864911814667,1.4121727300425098,-0.18223133244334835,0.3170329332341053,-0.15804214176794165,0.12628362723307252,-0.3317927271446647,1.0140866689026764,-0.9298388232268631,-0.6820088888020956,-0.06626470941522894,1.065402723780778,-0.08827483239817564,1.146456216521493,0.3706874306139336,0,0,0,0,1,0,0,0,0,0,0,0,0,0,1,1,0,0,0,0
0.4.26,spank_chain_payment&parseInt16Char&reentrancy,0.2644935700421532,0.9743632019187013,-0.29986148629074866,-1.0138683090917766,-0.09081525740046532,0.6995637553105226,1.4062247231053426,-0.040227877943275064,0.5216364810841743,-0.5759157665455953,0.5959583643573121,-0.337870044766579,0.8748574701305001,-0.19204875310429204,-1.1295426342433366,-0.676049912109589,1.0338962205375235,0.1886195095960433,1.0265894691185213,0.46423787728716165,0,0,0,0,1,0,0,0,0,0,0,0,0,0,1,1,0,0,0,0
0.4.26,spank_chain_payment&uintToBytes32&reentrancy,-0.020421611834062287,0.0742858064501253,-1.2466909871628022,-1.2197901804561484,0.14731723228341911,-0.15937689007961586,1.3465579693550116,-0.13382386906098012,0.3323827328173163,-0.02636696214545263,0.20315653506079562,-0.22310964466544658,1.3888049340003157,-1.1566648296246382,-0.3849944550582297,0.2805910926975616,1.3582859533800655,-0.3773470497498774,1.0946320013895834,-0.03311422610119598,0,0,0,0,0,0,0,0,0,0,0,0,0,0,1,0,0,0,0,0
0.4.26,spank_chain_payment&toEthereumSignedMessage&reentrancy,-0.13963059990877105,-0.036085374773510044,-1.2695669520856632,-1.2205836262493845,0.14409383506544174,-0.14557254236687214,1.2814247475696667,-0.19657703996786186,0.19102403436103957,0.008748712078217537,0.19131174455997685,-0.0972604785084484,1.2245897536556567,-1.3825420777223283,-0.31906734005127463,0.6148539404234579,1.2987658773819286,-0.34645603205107395,1.2599992494459353,0.007803851918828103,0,0,0,0,0,0,0,0,0,0,0,0,0,0,1,1,0,0,0,0
0.4.26,spank_chain_payment&uintToString&reentrancy,-0.07796589147513079,0.807443955996234,-0.591891940374663,-1.1091635432331615,0.02741728072902959,0.24182652718844308,1.3551847214341923,-0.20297888656900187,0.32059849847766575,-0.1316746116443804,0.1488034654598517,-0.5552765668049502,0.9940005910648092,-0.7370943994836727,-0.8470564115982336,-0.3168097626726339,0.9486285554612898,-0.1884931187103888,1.0250798188695671,0.7383705057251225,0,0,0,0,1,0,0,0,0,0,0,0,0,0,1,1,0,0,0,0
0.4.26,spank_chain_payment&substring&reentrancy,-0.10216591950683367,0.4833336134042059,-0.7545535940410836,-1.1769006460638982,-0.04526154100894928,0.16128791345815574,1.4060891867925724,-0.23667346874163264,0.29322089446331595,-0.10979689075833275,0.16916106180953128,-0.3031945280375935,1.0261944344799434,-0.9429043274417165,-0.6372203041134136,0.07787666984257244,1.0727685669348352,-0.09801038157727038,1.0822500974649474,0.38079265703757603,0,0,0,0,1,0,0,0,0,0,0,0,0,0,1,1,0,0,0,0
0.4.26,spank_chain_payment&transfer&reentrancy,0.14707679634398602,0.21984366121444296,-1.1215783329482407,-1.0701982734843771,0.13025785935051898,0.0725689189548188,1.400697385733749,0.032303588345963904,0.34907491193053886,-0.40447735421835107,0.13475603646440235,-0.11823277986866046,1.3721982762217522,-0.9311026733844204,-0.587457682863076,-0.3591219216902205,1.4002611591143812,-0.16651020975823097,1.0004875066967562,-0.21000352279937012,0,0,0,0,1,0,0,0,0,0,0,0,0,0,1,1,0,1,0,0
0.4.26,spank_chain_payment&transferFrom&reentrancy,0.25032707362248224,0.20422760852367805,-1.1382471630445112,-1.1078533621523974,0.1386448456667389,0.10491911349849896,1.4749929724394666,0.06356534356753574,0.5278650620195747,-0.5574306738864847,0.21833361675740307,-0.03533383545310017,1.4934725337773054,-0.8345198201034663,-0.6749992493743477,-0.6351481074969516,1.5031275157482957,-0.09190473418186956,1.0197180103790333,-0.43998184383118927,0,0,0,0,1,0,0,0,0,0,0,0,0,0,1,1,0,1,0,0
0.4.26,spank_chain_payment&balanceOf&reentrancy,0.10402444468156712,0.08250422695198574,-1.4385670456733253,-1.084608175162528,0.021592461277504225,-0.026276695969942455,1.2068600524720308,-0.13617155157230995,0.004821098900425273,-0.07244778323817898,-0.05318894334187781,-0.06846936570631491,1.1654781721330978,-1.2534846421834585,-0.353335427007059,0.13802980289265915,1.2695694355344451,-0.3049503439987028,0.99436008950343,-0.22823029394085342,0,0,0,0,0,0,0,0,0,0,0,0,0,0,1,0,0,0,0,0
0.4.26,spank_chain_payment&approve&reentrancy,0.11338018330142778,0.08530413753846113,-1.3203275763046216,-1.0828277236946366,0.05177779342321789,-0.03790458730038475,1.3417125125689542,-0.05236930186476778,0.23712158834506922,-0.24680884533068714,0.08024666901431321,-0.09295544862363707,1.3537769636467976,-1.075162941316033,-0.38420156465487226,-0.09710732913192581,1.4324635443661142,-0.2842022053459111,0.9944987486061805,-0.2869153574985616,0,0,0,0,0,0,0,0,0,0,0,0,0,0,1,0,0,1,0,0
0.4.26,spank_chain_payment&allowance&reentrancy,0.2511875431225138,0.0374644042797459,-1.4972175181056688,-1.1122790494734802,-0.03317778152458876,0.0007363745888460029,1.2493567056592227,-0.07911853043778429,0.16082460307561366,-0.17768729369617203,0.02492530577029418,-0.001597630095134661,1.264620254630024,-1.1720551972829023,-0.4079748790494157,-0.11789921736254276,1.4157483919152936,-0.24594229025748168,1.0186007634817975,-0.5023248019149003,0,0,0,0,0,0,0,0,0,0,0,0,0,0,1,0,0,0,0,0
0.4.26,spank_chain_payment&constructor&reentrancy,0.6140336206271535,0.4057292707619213,-1.222321429511621,-1.1100216323421115,0.053880219480821064,0.13801197849568866,1.3557564366076673,0.07640409859873,0.5632889279319594,-0.3374929094598407,0.3186924701024379,-0.07761295604342151,1.673458113202027,-0.9740720543389519,-0.4385054399303737,-0.6081175491923377,1.2779861346241974,-0.14491308161190578,1.1607868511761938,-0.5683075853046917,0,0,0,0,0,0,0,0,0,0,0,0,0,0,1,0,0,1,0,0
0.4.26,spank_chain_payment&approveAndCall&reentrancy,0.08705361495011074,0.029921946310719778,-1.2184499310936,-1.1341615465014827,0.1291345269053763,-0.030970810154496237,1.3737874771793221,-0.04010106177004271,0.43354021116609276,-0.21469815151202817,0.24436812656985726,-0.09991244167944979,1.4439646280695533,-1.004205952625895,-0.4011828725004222,-0.006576157326615134,1.5110818808681743,-0.29572091899205777,1.1237109235412073,-0.2510930598865068,1,0,0,0,0,0,0,0,0,1,1,0,0,0,1,1,0,1,0,0
0.4.26,spank_chain_payment&createChannel&reentrancy,0.359335830534909,0.4988221312422367,-0.6509606514557718,-1.0902791947358539,0.2057111803446774,0.2365351624736071,1.602413751729043,0.16030954511540543,1.0720868884366344,-0.7658280675039203,0.5116024595660819,-0.21970666945252673,1.4567593141389101,-0.3048488446189401,-1.0207481039225503,-1.0615478266527498,1.3702383369584628,0.08853652764985949,1.1200294456759354,-0.17181560882487804,1,0,0,0,1,0,0,0,0,0,0,0,0,0,1,1,0,1,1,0
0.4.26,spank_chain_payment&LCOpenTimeout&reentrancy,0.5084781076373726,0.5832464085442239,-0.8495508858789529,-1.0654896519243204,0.17545036564516867,0.222175403914599,1.4943893762578353,0.29162405520388535,1.0792727587305024,-0.8006643041775658,0.4304602241840069,-0.2541774751584383,1.3868891272758102,-0.36974144105976126,-0.9918428681186673,-1.2095903010781983,1.3281699900659893,0.11747621536527857,1.0650339361926509,-0.2708923339458375,1,0,0,1,0,0,0,0,0,0,0,1,0,0,1,1,0,1,0,1
0.4.26,spank_chain_payment&joinChannel&reentrancy,0.26455735811869874,0.5905278693321797,-0.5694456522216756,-1.0719883946670616,0.09803568117814117,0.3668597283766424,1.5314961075961446,0.12036934813006604,0.888395756964373,-0.6460543512065204,0.4315230959838779,-0.2999185072939298,1.2808098955620393,-0.3340119134759803,-1.028420137824397,-0.9228982619530292,1.2380556285077577,0.1089347380412211,1.0814243548636815,0.039518884322840536,1,0,0,0,1,0,0,0,0,0,0,0,0,0,1,1,0,1,1,0
0.4.26,spank_chain_payment&deposit&reentrancy,0.3239272282653845,0.486615148525876,-0.8648562314495328,-1.073925033541838,0.17643773922539735,0.16984161946899884,1.4554493484693336,0.15798897835402567,0.9062600576122178,-0.6301474473224734,0.36563924862416564,-0.2598630171746572,1.3804491523630613,-0.4757715505551867,-0.9104659701361735,-0.9477705399851297,1.3908549369184169,-0.0397149527123397,1.0781027593081096,-0.15947731830937048,1,0,0,0,1,0,0,0,0,0,0,0,0,0,1,1,0,1,1,0
0.4.26,spank_chain_payment&consensusCloseChannel&reentrancy,0.21474626118726764,0.5309962211066668,-0.5652672412582886,-1.0687449151170099,0.16956378141281594,0.3420564842368553,1.4960955762156851,0.10911756382273162,0.9169089868034502,-0.606826587348965,0.48321524930151344,-0.30774003330917576,1.3014120416667303,-0.31987506045957687,-1.0417224324014407,-0.8752985335974547,1.289838011902768,0.06009993190716415,1.10664639735361,0.1000538337315228,1,0,0,0,1,0,0,0,0,0,0,1,0,0,1,1,0,0,0,0
0.4.26,spank_chain_payment&updateLCstate&reentrancy,0.07871515339404377,0.6135729093851239,-0.34874527445527176,-1.0922118365322167,0.06306787714567569,0.46452824283027794,1.5340514041933755,0.06702654311790952,0.8223953769509685,-0.5212697708467664,0.4095827920948998,-0.3955981776410613,1.183260703974918,-0.3421095888172834,-1.0434957159384848,-0.7238758189933551,1.1275000305311045,0.14465149840851604,1.1130322449201617,0.31127791395875076,0,0,0,0,1,0,0,0,0,0,0,0,0,0,1,1,0,0,0,0
0.4.26,spank_chain_payment&initVCstate&reentrancy,0.43991750699707044,0.3459774169439072,-0.9379387408757343,-1.113765483243914,0.27353410779104065,0.08634125323235933,1.5440444587017785,0.15406762915590055,1.0697226396121389,-0.7514258537223982,0.5578201413758797,-0.21850471592752524,1.5736466131489846,-0.4978622838861695,-0.8471650321078008,-0.9046487840819514,1.412661442044601,0.002016896066066841,1.1524633752428983,-0.28439698092798266,0,0,0,0,1,0,0,0,0,0,0,0,0,0,1,1,0,0,0,0
0.4.26,spank_chain_payment&settleVC&reentrancy,0.3746976999644034,0.3231776860986879,-0.8974688145036469,-1.1346653923987153,0.29641121704718787,0.06290242899796682,1.5524148784592717,0.17142630459186797,1.0607230665288612,-0.7693726991464992,0.5290540790746728,-0.18270580758416874,1.548368126763674,-0.4922492170070638,-0.891869351308711,-0.878702409431606,1.4805574917983628,0.022246118772499813,1.1550007805994111,-0.3301452007776725,0,0,0,0,1,0,0,0,0,0,0,0,0,0,1,1,0,1,0,0
0.4.26,spank_chain_payment&closeVirtualChannel&reentrancy,0.6310476320286592,0.5414508950710296,-0.9384617112974326,-1.1110832401961088,0.19856694470842678,0.20058386582136153,1.487308077275753,0.3218750257343054,1.1808420795109122,-0.8984107231497764,0.507171170309186,-0.22295983370145162,1.434515004356702,-0.38974530645708244,-1.0556996785153945,-1.3056706949273744,1.3821867546737194,0.1577419296776255,1.1319561385450263,-0.4587685052951177,0,0,0,0,1,0,0,0,0,0,0,0,0,0,1,1,0,0,0,0
0.4.26,spank_chain_payment&byzantineCloseChannel&reentrancy,0.0006787815999259676,0.869863597939394,-0.1499217109078265,-1.1483839077938327,0.010924899007638579,0.5552563880285338,1.5549525871926215,0.11485529994202215,0.766754849274911,-0.5075981124889019,0.2509814666705756,-0.43497227188799537,0.9738692521435843,-0.30458769710711164,-1.261011101121386,-0.8785154410306371,0.9549983438830789,0.24288375646355753,1.1061925079460273,0.4157335814455114,1,0,0,1,1,0,0,0,0,0,0,1,0,0,1,1,0,0,0,0
0.4.26,spank_chain_payment&_isContained&reentrancy,0.04814606135735264,0.5437084454801175,-1.0347331474934305,-1.0785493857723165,0.33932113797440155,-0.022944228521052313,1.37883866145336,-0.12206819005213775,0.6168315271520383,-0.3752480313762442,0.30528773197468806,-0.28747602708807046,1.235354004839024,-0.9272350506107141,-0.7156412654628904,-0.24433242519954582,1.038093880012438,-0.26778980886394327,1.0561406712785557,0.4861807482583182,0,0,0,0,1,0,0,0,0,0,0,0,0,0,0,1,0,0,0,0
0.4.26,spank_chain_payment&getChannel&reentrancy,0.2906169106917722,0.3896119549160912,-0.9093045670095654,-1.154962136915752,0.05917996077665261,0.13067031108020316,1.4693234868702434,0.24764582223835446,0.6540686334006577,-0.4910888815209979,0.3484719747123087,-0.15701168501040055,1.4495171655501637,-0.8611549643710965,-0.8090982339633185,-0.6038307998861585,1.4503540177785215,-0.04201670704143388,1.1660365452901238,-0.3144495617066111,0,0,0,0,0,0,0,0,0,0,0,0,0,0,1,0,0,0,0,0
0.4.26,spank_chain_payment&getVirtualChannel&reentrancy,0.40112083369418033,0.434430233209948,-0.9494479584260077,-1.113095970131174,0.014267068497742279,0.21439364400892696,1.4001586164477506,0.28493022145349767,0.6508432357230142,-0.4484784532951403,0.31667446838102387,-0.1647930843873492,1.4639576431316665,-0.7959630462187754,-0.8165519050287107,-0.802623485462575,1.5190969566755657,-0.06428213991884944,1.1642764021088428,-0.3832833327070067,0,0,0,0,0,0,0,0,0,0,0,0,0,0,1,0,0,0,0,0
